Date,Close
2015-01-02,121.46687316894531
2015-01-05,118.9041748046875
2015-01-06,119.55937194824219
2015-01-07,123.34122467041016
2015-01-08,126.20244598388672
2015-01-09,126.67521667480469
2015-01-12,126.03662109375
2015-01-13,126.06145477294922
2015-01-14,126.15274810791016
2015-01-15,126.31854248046875
2015-01-16,127.16453552246094
2015-01-20,127.4962158203125
2015-01-21,127.91928100585938
2015-01-22,129.7935791015625
2015-01-23,129.5364532470703
2015-01-26,128.9973602294922
2015-01-27,126.84111785888672
2015-01-28,126.19422149658203
2015-01-29,130.9794921875
2015-01-30,130.1667938232422
2015-02-02,132.0244598388672
2015-02-03,133.09432983398438
2015-02-04,134.22232055664062
2015-02-05,135.209228515625
2015-02-06,134.5540313720703
2015-02-09,135.15957641601562
2015-02-10,136.7518768310547
2015-02-11,137.9128875732422
2015-02-12,138.7423095703125
2015-02-13,138.61790466308594
2015-02-17,138.9993896484375
2015-02-18,139.06576538085938
2015-02-19,141.09762573242188
2015-02-20,142.81439208984375
2015-02-23,141.4210968017578
2015-02-24,141.14743041992188
2015-02-25,139.8701934814453
2015-02-26,138.50437927246094
2015-02-27,138.0046844482422
2015-03-02,139.16229248046875
2015-03-03,136.27247619628906
2015-03-04,136.5222930908203
2015-03-05,135.98098754882812
2015-03-06,133.59078979492188
2015-03-09,134.3070526123047
2015-03-10,131.8668670654297
2015-03-11,131.60873413085938
2015-03-12,133.2493896484375
2015-03-13,131.21728515625
2015-03-16,134.3653564453125
2015-03-17,134.21542358398438
2015-03-18,135.614501953125
2015-03-19,135.3479766845703
2015-03-20,135.43133544921875
2015-03-23,135.51461791992188
2015-03-24,134.98995971679688
2015-03-25,132.57473754882812
2015-03-26,132.6747283935547
2015-03-27,133.64906311035156
2015-03-30,135.4813232421875
2015-03-31,134.048828125
2015-04-01,133.70745849609375
2015-04-02,134.60682678222656
2015-04-06,135.54791259765625
2015-04-07,135.67283630371094
2015-04-08,136.7555389404297
2015-04-09,137.05531311035156
2015-04-10,137.70489501953125
2015-04-13,136.2308349609375
2015-04-14,135.94766235351562
2015-04-15,135.94766235351562
2015-04-16,136.0642852783203
2015-04-17,133.38258361816406
2015-04-20,135.48960876464844
2015-04-21,135.3230743408203
2015-04-22,134.9816436767578
2015-04-23,135.606201171875
2015-04-24,134.73178100585938
2015-04-27,133.3576202392578
2015-04-28,133.67410278320312
2015-04-29,132.533203125
2015-04-30,128.28579711914062
2015-05-01,129.9264678955078
2015-05-04,129.77655029296875
2015-05-05,127.65287780761719
2015-05-06,127.6695327758789
2015-05-07,127.8027572631836
2015-05-08,130.17633056640625
2015-05-11,130.20965576171875
2015-05-12,129.45175170898438
2015-05-13,129.26853942871094
2015-05-14,131.3089599609375
2015-05-15,131.592041015625
2015-05-18,131.6004180908203
2015-05-19,132.35824584960938
2015-05-20,132.93287658691406
2015-05-21,134.2320556640625
2015-05-22,133.2493896484375
2015-05-26,131.9752197265625
2015-05-27,132.6830596923828
2015-05-28,134.32357788085938
2015-05-29,133.2354736328125
2015-06-01,133.87167358398438
2015-06-02,134.21478271484375
2015-06-03,134.1394805908203
2015-06-04,132.34823608398438
2015-06-05,131.65354919433594
2015-06-08,131.12623596191406
2015-06-09,131.59495544433594
2015-06-10,132.71652221679688
2015-06-11,134.5663604736328
2015-06-12,134.80902099609375
2015-06-15,133.88832092285156
2015-06-16,135.16900634765625
2015-06-17,136.3240509033203
2015-06-18,138.24082946777344
2015-06-19,138.1487579345703
2015-06-22,138.5002899169922
2015-06-23,137.57955932617188
2015-06-24,136.608642578125
2015-06-25,135.70465087890625
2015-06-26,135.4033966064453
2015-06-29,132.8170166015625
2015-06-30,132.775146484375
2015-07-01,134.0055694580078
2015-07-02,133.5033416748047
2015-07-06,133.29409790039062
2015-07-07,135.0853271484375
2015-07-08,134.47425842285156
2015-07-09,136.1734161376953
2015-07-10,138.41659545898438
2015-07-13,140.03201293945312
2015-07-14,141.028076171875
2015-07-15,141.1117706298828
2015-07-16,142.17478942871094
2015-07-17,141.44654846191406
2015-07-20,142.14968872070312
2015-07-21,139.58839416503906
2015-07-22,139.1782989501953
2015-07-23,138.52545166015625
2015-07-24,137.9394989013672
2015-07-27,136.06459045410156
2015-07-28,136.7174835205078
2015-07-29,145.17127990722656
2015-07-30,146.8201446533203
2015-07-31,144.8113555908203
2015-08-03,144.09986877441406
2015-08-04,144.06639099121094
2015-08-05,145.3721160888672
2015-08-06,144.69419860839844
2015-08-07,144.5100555419922
2015-08-10,146.68624877929688
2015-08-11,145.02899169921875
2015-08-12,143.59771728515625
2015-08-13,144.6858367919922
2015-08-14,145.79071044921875
2015-08-17,146.2342987060547
2015-08-18,146.89553833007812
2015-08-19,146.99595642089844
2015-08-20,144.45980834960938
2015-08-21,138.3998260498047
2015-08-24,133.9385528564453
2015-08-25,133.6623992919922
2015-08-26,137.671630859375
2015-08-27,140.53140258789062
2015-08-28,139.23609924316406
2015-08-31,137.72210693359375
2015-09-01,134.04647827148438
2015-09-02,138.453857421875
2015-09-03,138.4875030517578
2015-09-04,136.5109100341797
2015-09-08,141.3136444091797
2015-09-09,139.84169006347656
2015-09-10,139.3706817626953
2015-09-11,141.74253845214844
2015-09-14,141.16221618652344
2015-09-15,143.26499938964844
2015-09-16,143.79486083984375
2015-09-17,143.59303283691406
2015-09-18,142.12948608398438
2015-09-21,143.16404724121094
2015-09-22,140.99404907226562
2015-09-23,140.81741333007812
2015-09-24,140.2790985107422
2015-09-25,139.2613067626953
2015-09-28,136.80532836914062
2015-09-29,137.56228637695312
2015-09-30,139.5809326171875
2015-10-01,139.38755798339844
2015-10-02,140.9099578857422
2015-10-05,143.30703735351562
2015-10-06,141.6500244140625
2015-10-07,143.99676513671875
2015-10-08,146.14151000976562
2015-10-09,147.82379150390625
2015-10-12,149.03497314453125
2015-10-13,148.87510681152344
2015-10-14,146.18362426757812
2015-10-15,146.40234375
2015-10-16,147.0919952392578
2015-10-19,146.8396453857422
2015-10-20,146.7303466796875
2015-10-21,146.46116638183594
2015-10-22,150.97789001464844
2015-10-23,151.2554473876953
2015-10-26,151.64230346679688
2015-10-27,151.9031219482422
2015-10-28,160.2300567626953
2015-10-29,159.86831665039062
2015-10-30,157.9169921875
2015-11-02,159.42251586914062
2015-11-03,156.98329162597656
2015-11-04,156.5880584716797
2015-11-05,156.79833984375
2015-11-06,154.77122497558594
2015-11-09,152.7946319580078
2015-11-10,152.65167236328125
2015-11-11,152.8282928466797
2015-11-12,151.6592254638672
2015-11-13,150.4059295654297
2015-11-16,156.9580841064453
2015-11-17,156.5628204345703
2015-11-18,158.24501037597656
2015-11-19,158.345947265625
2015-11-20,159.3721160888672
2015-11-23,157.9842529296875
2015-11-24,158.12725830078125
2015-11-25,158.60874938964844
2015-11-27,159.1492919921875
2015-11-30,157.417724609375
2015-12-01,158.2201690673828
2015-12-02,156.85179138183594
2015-12-03,154.63021850585938
2015-12-04,158.76075744628906
2015-12-07,158.79454040527344
2015-12-08,158.80300903320312
2015-12-09,157.5781707763672
2015-12-10,158.34686279296875
2015-12-11,157.1304931640625
2015-12-14,158.01748657226562
2015-12-15,158.6678466796875
2015-12-16,160.28128051757812
2015-12-17,159.06488037109375
2015-12-18,156.15065002441406
2015-12-21,159.65618896484375
2015-12-22,159.96029663085938
2015-12-23,160.49241638183594
2015-12-24,160.58529663085938
2015-12-28,160.4755096435547
2015-12-29,161.74256896972656
2015-12-30,160.55999755859375
2015-12-31,159.48724365234375
2016-01-04,158.38905334472656
2016-01-05,162.51124572753906
2016-01-06,160.88937377929688
2016-01-07,158.89593505859375
2016-01-08,157.17276000976562
2016-01-11,158.89593505859375
2016-01-12,159.58013916015625
2016-01-13,156.15065002441406
2016-01-14,156.7334747314453
2016-01-15,155.60162353515625
2016-01-19,157.74713134765625
2016-01-20,154.2078857421875
2016-01-21,153.075927734375
2016-01-22,155.51712036132812
2016-01-25,153.59120178222656
2016-01-26,154.15713500976562
2016-01-27,150.51657104492188
2016-01-28,152.17213439941406
2016-01-29,156.31964111328125
2016-02-01,159.3436279296875
2016-02-02,158.32998657226562
2016-02-03,160.2981719970703
2016-02-04,157.40924072265625
2016-02-05,157.52752685546875
2016-02-08,156.7926025390625
2016-02-09,158.22860717773438
2016-02-10,159.081787109375
2016-02-11,155.34815979003906
2016-02-12,153.10128784179688
2016-02-16,155.6100616455078
2016-02-17,160.5430908203125
2016-02-18,162.75616455078125
2016-02-19,161.0668487548828
2016-02-22,162.40989685058594
2016-02-23,161.5989227294922
2016-02-24,160.50929260253906
2016-02-25,163.6563720703125
2016-02-26,163.05410766601562
2016-02-29,163.05410766601562
2016-03-01,164.4622039794922
2016-03-02,163.98721313476562
2016-03-03,162.96925354003906
2016-03-04,162.07859802246094
2016-03-07,158.35470581054688
2016-03-08,158.5073699951172
2016-03-09,158.4055938720703
2016-03-10,158.41407775878906
2016-03-11,161.07765197753906
2016-03-14,159.95790100097656
2016-03-15,162.58753967285156
2016-03-16,162.5027313232422
2016-03-17,161.94288635253906
2016-03-18,164.55555725097656
2016-03-21,164.71665954589844
2016-03-22,164.8524169921875
2016-03-23,165.37841796875
2016-03-24,164.73367309570312
2016-03-28,165.31045532226562
2016-03-29,166.83734130859375
2016-03-30,168.57630920410156
2016-03-31,167.87220764160156
2016-04-01,169.91659545898438
2016-04-04,170.65464782714844
2016-04-05,171.57919311523438
2016-04-06,171.43499755859375
2016-04-07,170.1201934814453
2016-04-08,170.1371612548828
2016-04-11,169.2379913330078
2016-04-12,169.8233184814453
2016-04-13,170.61215209960938
2016-04-14,169.76388549804688
2016-04-15,171.2483367919922
2016-04-18,172.02029418945312
2016-04-19,171.00238037109375
2016-04-20,170.9938507080078
2016-04-21,169.65362548828125
2016-04-22,170.28982543945312
2016-04-25,170.27285766601562
2016-04-26,172.6819305419922
2016-04-27,175.5915069580078
2016-04-28,174.4123992919922
2016-04-29,174.96380615234375
2016-05-02,176.70277404785156
2016-05-03,177.7969970703125
2016-05-04,178.60287475585938
2016-05-05,179.77346801757812
2016-05-06,181.61419677734375
2016-05-09,182.06373596191406
2016-05-10,184.43899536132812
2016-05-11,181.80087280273438
2016-05-12,184.90548706054688
2016-05-13,181.51246643066406
2016-05-16,182.99688720703125
2016-05-17,181.19012451171875
2016-05-18,181.64813232421875
2016-05-19,179.04396057128906
2016-05-20,180.44363403320312
2016-05-23,179.96852111816406
2016-05-24,182.106201171875
2016-05-25,181.809326171875
2016-05-26,181.48696899414062
2016-05-27,181.88563537597656
2016-05-31,180.4011688232422
2016-06-01,181.67356872558594
2016-06-02,181.76730346679688
2016-06-03,183.30062866210938
2016-06-06,183.52207946777344
2016-06-07,183.7350616455078
2016-06-08,185.4131622314453
2016-06-09,186.19688415527344
2016-06-10,185.1575927734375
2016-06-13,183.18978881835938
2016-06-14,184.7742919921875
2016-06-15,185.01280212402344
2016-06-16,184.62953186035156
2016-06-17,182.56802368164062
2016-06-20,183.2836151123047
2016-06-21,183.0194854736328
2016-06-22,183.05355834960938
2016-06-23,182.8917236328125
2016-06-24,181.196533203125
2016-06-27,182.42318725585938
2016-06-28,184.10986328125
2016-06-29,185.05545043945312
2016-06-30,189.34872436523438
2016-07-01,188.9398193359375
2016-07-05,188.72686767578125
2016-07-06,188.88018798828125
2016-07-07,187.83242797851562
2016-07-08,189.08465576171875
2016-07-11,189.07615661621094
2016-07-12,187.80686950683594
2016-07-13,188.92279052734375
2016-07-14,188.369140625
2016-07-15,188.65023803710938
2016-07-18,188.0965576171875
2016-07-19,188.72686767578125
2016-07-20,189.57870483398438
2016-07-21,185.8817901611328
2016-07-22,187.06578063964844
2016-07-25,186.66539001464844
2016-07-26,186.00094604492188
2016-07-27,185.54095458984375
2016-07-28,185.04690551757812
2016-07-29,184.53582763671875
2016-08-01,184.58689880371094
2016-08-02,186.28204345703125
2016-08-03,186.26502990722656
2016-08-04,185.99249267578125
2016-08-05,186.5120849609375
2016-08-08,184.0587921142578
2016-08-09,184.62953186035156
2016-08-10,185.0043487548828
2016-08-11,185.6942901611328
2016-08-12,185.8817901611328
2016-08-15,187.24462890625
2016-08-16,184.9362030029297
2016-08-17,186.1713409423828
2016-08-18,185.8220977783203
2016-08-19,185.20877075195312
2016-08-22,185.92422485351562
2016-08-23,182.72134399414062
2016-08-24,182.2954559326172
2016-08-25,182.5862579345703
2016-08-26,181.29454040527344
2016-08-29,182.2954864501953
2016-08-30,181.88485717773438
2016-08-31,181.4143524169922
2016-09-01,181.2090301513672
2016-09-02,182.41522216796875
2016-09-06,183.7154541015625
2016-09-07,182.09011840820312
2016-09-08,181.97897338867188
2016-09-09,178.99342346191406
2016-09-12,179.87452697753906
2016-09-13,178.2406463623047
2016-09-14,178.62557983398438
2016-09-15,180.8325958251953
2016-09-16,180.49900817871094
2016-09-19,180.63583374023438
2016-09-20,181.44854736328125
2016-09-21,184.6478729248047
2016-09-22,185.1953887939453
2016-09-23,185.6744384765625
2016-09-26,185.6316375732422
2016-09-27,186.52989196777344
2016-09-28,186.40159606933594
2016-09-29,182.731689453125
2016-09-30,183.02255249023438
2016-10-03,184.00631713867188
2016-10-04,182.06443786621094
2016-10-05,181.7650146484375
2016-10-06,183.24502563476562
2016-10-07,184.28857421875
2016-10-10,185.3065643310547
2016-10-11,184.10897827148438
2016-10-12,185.50332641601562
2016-10-13,186.80357360839844
2016-10-14,187.27413940429688
2016-10-17,187.46234130859375
2016-10-18,187.71893310546875
2016-10-19,186.62400817871094
2016-10-20,185.93959045410156
2016-10-21,184.6564178466797
2016-10-24,185.16976928710938
2016-10-25,187.7959442138672
2016-10-26,195.08433532714844
2016-10-27,192.77467346191406
2016-10-28,195.3666229248047
2016-10-31,195.8970184326172
2016-11-01,195.40084838867188
2016-11-02,195.61476135253906
2016-11-03,192.9371795654297
2016-11-04,192.67196655273438
2016-11-07,196.80380249023438
2016-11-08,196.6412353515625
2016-11-09,207.27442932128906
2016-11-10,209.7295684814453
2016-11-11,211.72274780273438
2016-11-14,214.8194580078125
2016-11-15,211.6800079345703
2016-11-16,209.9177703857422
2016-11-17,209.29327392578125
2016-11-18,209.9776153564453
2016-11-21,210.6876678466797
2016-11-22,212.21035766601562
2016-11-23,211.7997283935547
2016-11-25,212.64663696289062
2016-11-28,212.97164916992188
2016-11-29,215.4011993408203
2016-11-30,213.5619354248047
2016-12-01,213.83670043945312
2016-12-02,215.382080078125
2016-12-05,212.48020935058594
2016-12-06,212.78067016601562
2016-12-07,212.17970275878906
2016-12-08,204.0922393798828
2016-12-09,204.70184326171875
2016-12-12,199.2415008544922
2016-12-13,198.8036651611328
2016-12-14,199.2672882080078
2016-12-15,199.17282104492188
2016-12-16,198.92381286621094
2016-12-19,200.50360107421875
2016-12-20,201.87721252441406
2016-12-21,200.1687469482422
2016-12-22,200.65811157226562
2016-12-23,200.03138732910156
2016-12-27,200.24598693847656
2016-12-28,199.13845825195312
2016-12-29,199.7222900390625
2016-12-30,199.67935180664062
2017-01-03,201.66259765625
2017-01-04,201.97164916992188
2017-01-05,202.6069793701172
2017-01-06,203.24232482910156
2017-01-09,202.45245361328125
2017-01-10,200.1343994140625
2017-01-11,198.7950439453125
2017-01-12,196.734619140625
2017-01-13,197.6102752685547
2017-01-17,196.15931701660156
2017-01-18,197.67044067382812
2017-01-19,199.51625061035156
2017-01-20,199.27584838867188
2017-01-23,198.91525268554688
2017-01-24,199.68789672851562
2017-01-25,198.1854705810547
2017-01-26,194.8544158935547
2017-01-27,197.318359375
2017-01-30,197.01783752441406
2017-01-31,196.6744842529297
2017-02-01,196.45127868652344
2017-02-02,197.3355712890625
2017-02-03,198.6319122314453
2017-02-06,199.88543701171875
2017-02-07,200.0227508544922
2017-02-08,199.54197692871094
2017-02-09,201.61965942382812
2017-02-10,202.83023071289062
2017-02-13,205.25990295410156
2017-02-14,205.72349548339844
2017-02-15,207.414794921875
2017-02-16,209.08038330078125
2017-02-17,209.1232452392578
2017-02-21,209.58694458007812
2017-02-22,208.60818481445312
2017-02-23,209.36366271972656
2017-02-24,210.38539123535156
2017-02-27,213.43319702148438
2017-02-28,212.13677978515625
2017-03-01,211.1409149169922
2017-03-02,209.4519805908203
2017-03-03,209.33135986328125
2017-03-06,209.3227081298828
2017-03-07,210.06378173828125
2017-03-08,209.88279724121094
2017-03-09,210.3567657470703
2017-03-10,209.9000701904297
2017-03-13,210.6152801513672
2017-03-14,210.05514526367188
2017-03-15,210.1154327392578
2017-03-16,207.04782104492188
2017-03-17,210.46875
2017-03-20,209.38302612304688
2017-03-21,206.5653076171875
2017-03-22,207.78884887695312
2017-03-23,206.37571716308594
2017-03-24,204.11807250976562
2017-03-27,203.21331787109375
2017-03-28,204.38519287109375
2017-03-29,203.807861328125
2017-03-30,205.99655151367188
2017-03-31,204.9453125
2017-04-03,204.91943359375
2017-04-04,204.77294921875
2017-04-05,203.44595336914062
2017-04-06,203.9371337890625
2017-04-07,205.78115844726562
2017-04-10,206.23780822753906
2017-04-11,207.71136474609375
2017-04-12,206.25511169433594
2017-04-13,206.9788818359375
2017-04-17,209.47784423828125
2017-04-18,209.54672241210938
2017-04-19,210.02931213378906
2017-04-20,210.98582458496094
2017-04-21,212.26107788085938
2017-04-24,214.6824188232422
2017-04-25,213.81214904785156
2017-04-26,213.75177001953125
2017-04-27,214.04478454589844
2017-04-28,211.9422607421875
2017-05-01,210.54627990722656
2017-05-02,211.39938354492188
2017-05-03,211.55447387695312
2017-05-04,211.76129150390625
2017-05-05,214.48426818847656
2017-05-08,214.6824188232422
2017-05-09,214.98406982421875
2017-05-10,213.794921875
2017-05-11,213.28648376464844
2017-05-12,213.22618103027344
2017-05-15,213.91552734375
2017-05-16,213.1658935546875
2017-05-17,212.2524871826172
2017-05-18,212.7350311279297
2017-05-19,215.32008361816406
2017-05-22,214.94956970214844
2017-05-23,215.983642578125
2017-05-24,218.33602905273438
2017-05-25,221.041748046875
2017-05-26,221.44674682617188
2017-05-30,220.7746124267578
2017-05-31,223.36830139160156
2017-06-01,222.84066772460938
2017-06-02,223.62783813476562
2017-06-05,221.11056518554688
2017-06-06,219.01724243164062
2017-06-07,220.29742431640625
2017-06-08,221.5690460205078
2017-06-09,222.0448455810547
2017-06-12,221.4393310546875
2017-06-13,222.8233642578125
2017-06-14,224.61398315429688
2017-06-15,223.73162841796875
2017-06-16,223.6884307861328
2017-06-19,226.00665283203125
2017-06-20,225.04649353027344
2017-06-21,225.1590118408203
2017-06-22,222.21783447265625
2017-06-23,222.6589813232422
2017-06-26,221.40467834472656
2017-06-27,220.86843872070312
2017-06-28,222.79739379882812
2017-06-29,220.47914123535156
2017-06-30,222.0621337890625
2017-07-03,222.91845703125
2017-07-05,225.15023803710938
2017-07-06,223.99111938476562
2017-07-07,226.62950134277344
2017-07-10,226.4478759765625
2017-07-11,227.19175720214844
2017-07-12,228.3335723876953
2017-07-13,228.24710083007812
2017-07-14,229.08615112304688
2017-07-17,229.06883239746094
2017-07-18,228.57583618164062
2017-07-19,229.16400146484375
2017-07-20,229.03421020507812
2017-07-21,229.49273681640625
2017-07-24,229.46673583984375
2017-07-25,228.4114532470703
2017-07-26,228.24710083007812
2017-07-27,225.56549072265625
2017-07-28,228.4547576904297
2017-07-31,227.6156005859375
2017-08-01,228.92184448242188
2017-08-02,230.8162841796875
2017-08-03,232.50303649902344
2017-08-04,232.9009552001953
2017-08-07,233.195068359375
2017-08-08,233.40267944335938
2017-08-09,236.23997497558594
2017-08-10,234.0341033935547
2017-08-11,232.9356689453125
2017-08-14,234.76939392089844
2017-08-15,234.54452514648438
2017-08-16,233.54974365234375
2017-08-17,231.9407958984375
2017-08-18,231.49095153808594
2017-08-21,231.56884765625
2017-08-22,235.99783325195312
2017-08-23,234.2244415283203
2017-08-24,233.15660095214844
2017-08-25,233.84237670898438
2017-08-28,232.60086059570312
2017-08-29,235.0492401123047
2017-08-30,235.30108642578125
2017-08-31,236.3429718017578
2017-09-01,233.40830993652344
2017-09-05,232.74842834472656
2017-09-06,230.3173370361328
2017-09-07,230.83827209472656
2017-09-08,232.2100830078125
2017-09-11,233.8163604736328
2017-09-12,233.5211181640625
2017-09-13,231.5589599609375
2017-09-14,230.68209838867188
2017-09-15,231.8455352783203
2017-09-18,239.60755920410156
2017-09-19,241.6565704345703
2017-09-20,243.1412353515625
2017-09-21,243.47113037109375
2017-09-22,244.4522705078125
2017-09-25,244.29598999023438
2017-09-26,247.22203063964844
2017-09-27,249.04530334472656
2017-09-28,247.1177520751953
2017-09-29,249.809326171875
2017-10-02,251.70213317871094
2017-10-03,252.72665405273438
2017-10-04,253.68153381347656
2017-10-05,254.11581420898438
2017-10-06,254.68017578125
2017-10-09,255.14028930664062
2017-10-10,254.68017578125
2017-10-11,256.2951354980469
2017-10-12,259.3251953125
2017-10-13,257.34564208984375
2017-10-16,256.8072509765625
2017-10-17,255.53965759277344
2017-10-18,253.52545166015625
2017-10-19,254.08975219726562
2017-10-20,255.7827911376953
2017-10-23,255.30532836914062
2017-10-24,255.28794860839844
2017-10-25,264.5954895019531
2017-10-26,258.72613525390625
2017-10-27,258.4395446777344
2017-10-30,257.3195495605469
2017-10-31,256.5903015136719
2017-11-01,255.409423828125
2017-11-02,261.652099609375
2017-11-03,261.91259765625
2017-11-06,262.0862121582031
2017-11-07,263.34515380859375
2017-11-08,263.33636474609375
2017-11-09,259.7246398925781
2017-11-10,258.84771728515625
2017-11-13,259.1515808105469
2017-11-14,260.87066650390625
2017-11-15,260.4192810058594
2017-11-16,260.9488525390625
2017-11-17,257.736328125
2017-11-20,261.2873840332031
2017-11-21,264.21337890625
2017-11-22,262.2251892089844
2017-11-24,262.8329162597656
2017-11-27,263.62298583984375
2017-11-28,267.330322265625
2017-11-29,266.27984619140625
2017-11-30,266.896240234375
2017-12-01,260.9991149902344
2017-12-04,261.8091735839844
2017-12-05,259.3615417480469
2017-12-06,261.49560546875
2017-12-07,263.65594482421875
2017-12-08,266.2603454589844
2017-12-11,265.29339599609375
2017-12-12,267.6627502441406
2017-12-13,268.690673828125
2017-12-14,267.3405456542969
2017-12-15,270.4415283203125
2017-12-18,268.6383361816406
2017-12-19,267.5233459472656
2017-12-20,267.087890625
2017-12-21,265.2325439453125
2017-12-22,264.61407470703125
2017-12-26,264.66632080078125
2017-12-27,266.68719482421875
2017-12-28,268.54248046875
2017-12-29,267.3405456542969
2018-01-02,265.88592529296875
2018-01-03,267.11395263671875
2018-01-04,268.7690124511719
2018-01-05,268.4815673828125
2018-01-08,268.5163879394531
2018-01-09,270.37176513671875
2018-01-10,267.9501953125
2018-01-11,269.64007568359375
2018-01-12,274.51812744140625
2018-01-16,272.2445983886719
2018-01-17,276.57391357421875
2018-01-18,273.7777404785156
2018-01-19,275.58087158203125
2018-01-22,274.5093688964844
2018-01-23,273.0634460449219
2018-01-24,273.0459899902344
2018-01-25,283.09814453125
2018-01-26,292.296630859375
2018-01-29,294.7182922363281
2018-01-30,295.6938781738281
2018-01-31,296.6259460449219
2018-02-01,298.6554260253906
2018-02-02,293.3679504394531
2018-02-05,280.8072509765625
2018-02-06,285.27581787109375
2018-02-07,294.1259460449219
2018-02-08,282.2358093261719
2018-02-09,289.7967529296875
2018-02-12,293.93426513671875
2018-02-13,299.09100341796875
2018-02-14,304.5440673828125
2018-02-15,310.89404296875
2018-02-16,310.10137939453125
2018-02-20,305.18853759765625
2018-02-21,305.5892028808594
2018-02-22,303.68157958984375
2018-02-23,306.1903076171875
2018-02-26,309.3087158203125
2018-02-27,308.0631103515625
2018-02-28,304.90985107421875
2018-03-01,295.76348876953125
2018-03-02,299.792236328125
2018-03-05,301.3128356933594
2018-03-06,298.76104736328125
2018-03-07,303.08685302734375
2018-03-08,302.684814453125
2018-03-09,305.55126953125
2018-03-12,301.2517395019531
2018-03-13,300.91082763671875
2018-03-14,297.2142639160156
2018-03-15,297.8434143066406
2018-03-16,295.9295959472656
2018-03-19,301.43524169921875
2018-03-20,303.7509765625
2018-03-21,303.4363708496094
2018-03-22,296.1043395996094
2018-03-23,302.1692199707031
2018-03-26,310.4364318847656
2018-03-27,305.2453918457031
2018-03-28,301.2429504394531
2018-03-29,305.0969543457031
2018-04-02,301.95068359375
2018-04-03,302.4051818847656
2018-04-04,308.87213134765625
2018-04-05,314.6311340332031
2018-04-06,307.3689880371094
2018-04-09,303.7597961425781
2018-04-10,303.0169677734375
2018-04-11,302.938232421875
2018-04-12,307.6573791503906
2018-04-13,306.3901062011719
2018-04-16,307.39520263671875
2018-04-17,310.2704162597656
2018-04-18,312.5949401855469
2018-04-19,312.87457275390625
2018-04-20,311.03936767578125
2018-04-23,311.2142028808594
2018-04-24,298.4551696777344
2018-04-25,290.6773681640625
2018-04-26,291.8484802246094
2018-04-27,281.2655029296875
2018-04-30,281.4315490722656
2018-05-01,268.4803161621094
2018-05-02,268.427978515625
2018-05-03,275.87359619140625
2018-05-04,274.2742919921875
2018-05-07,277.1406555175781
2018-05-08,287.7499084472656
2018-05-09,286.28179931640625
2018-05-10,285.25042724609375
2018-05-11,284.2803955078125
2018-05-14,278.53021240234375
2018-05-15,279.6225891113281
2018-05-16,280.66253662109375
2018-05-17,283.5988464355469
2018-05-18,287.53143310546875
2018-05-21,289.5762634277344
2018-05-22,283.5813903808594
2018-05-23,286.8410949707031
2018-05-24,290.8434753417969
2018-05-25,290.0745544433594
2018-05-29,285.3116760253906
2018-05-30,289.7598876953125
2018-05-31,285.98455810546875
2018-06-01,289.4404296875
2018-06-04,291.91387939453125
2018-06-05,288.73876953125
2018-06-06,294.02783203125
2018-06-07,296.527587890625
2018-06-08,297.01873779296875
2018-06-11,293.27337646484375
2018-06-12,288.8790588378906
2018-06-13,287.537109375
2018-06-14,282.92340087890625
2018-06-15,282.0111999511719
2018-06-18,282.8006896972656
2018-06-19,275.2749328613281
2018-06-20,273.731201171875
2018-06-21,274.932861328125
2018-06-22,273.7137451171875
2018-06-25,275.169677734375
2018-06-26,271.3278503417969
2018-06-27,268.91583251953125
2018-06-28,269.90704345703125
2018-06-29,269.88946533203125
2018-07-02,270.9156799316406
2018-07-03,270.8893737792969
2018-07-05,270.37188720703125
2018-07-06,269.5911865234375
2018-07-09,275.15216064453125
2018-07-10,276.3976745605469
2018-07-11,273.45928955078125
2018-07-12,282.5463562011719
2018-07-13,282.1954040527344
2018-07-16,280.96746826171875
2018-07-17,281.7305603027344
2018-07-18,283.93218994140625
2018-07-19,284.3268127441406
2018-07-20,284.1250915527344
2018-07-23,277.75714111328125
2018-07-24,277.3186340332031
2018-07-25,259.1885986328125
2018-07-26,259.0220031738281
2018-07-27,264.58294677734375
2018-07-30,258.6009216308594
2018-07-31,263.5654296875
2018-08-01,263.9250793457031
2018-08-02,261.9866943359375
2018-08-03,260.7235107421875
2018-08-06,259.1271667480469
2018-08-07,258.97821044921875
2018-08-08,258.70623779296875
2018-08-09,255.6187744140625
2018-08-10,255.52227783203125
2018-08-13,256.1361083984375
2018-08-14,257.75006103515625
2018-08-15,255.6889190673828
2018-08-16,256.1098937988281
2018-08-17,258.2149963378906
2018-08-20,260.94281005859375
2018-08-21,261.5393371582031
2018-08-22,260.7147216796875
2018-08-23,261.0130310058594
2018-08-24,262.47491455078125
2018-08-27,264.31549072265625
2018-08-28,264.56207275390625
2018-08-29,261.6559143066406
2018-08-30,263.04742431640625
2018-08-31,262.8712463378906
2018-09-04,262.1314392089844
2018-09-05,261.3388366699219
2018-09-06,265.6894226074219
2018-09-07,264.6590270996094
2018-09-10,267.6708068847656
2018-09-11,266.8166198730469
2018-09-12,267.3097839355469
2018-09-13,267.2041320800781
2018-09-14,270.6651306152344
2018-09-17,273.90606689453125
2018-09-18,279.72723388671875
2018-09-19,274.9981384277344
2018-09-20,265.44281005859375
2018-09-21,270.0927734375
2018-09-24,269.5819396972656
2018-09-25,276.8915100097656
2018-09-26,277.0412902832031
2018-09-27,278.9698791503906
2018-09-28,279.4982604980469
2018-10-01,280.4933776855469
2018-10-02,280.731201171875
2018-10-03,279.72723388671875
2018-10-04,280.1324157714844
2018-10-05,282.11383056640625
2018-10-08,280.9337158203125
2018-10-09,276.7066955566406
2018-10-10,272.171142578125
2018-10-11,262.10498046875
2018-10-12,266.2882385253906
2018-10-15,269.1328125
2018-10-16,274.8482971191406
2018-10-17,272.56744384765625
2018-10-18,271.422607421875
2018-10-19,270.9557189941406
2018-10-22,270.1455993652344
2018-10-23,267.82940673828125
2018-10-24,251.74844360351562
2018-10-25,237.7633819580078
2018-10-26,237.6400146484375
2018-10-29,225.7157745361328
2018-10-30,229.9429931640625
2018-10-31,230.6915283203125
2018-11-01,240.5550079345703
2018-11-02,241.12747192382812
2018-11-05,246.094482421875
2018-11-06,249.00067138671875
2018-11-07,251.79238891601562
2018-11-08,250.1367950439453
2018-11-09,251.63388061523438
2018-11-12,244.42996215820312
2018-11-13,240.9866180419922
2018-11-14,238.41500854492188
2018-11-15,239.85060119628906
2018-11-16,240.10589599609375
2018-11-19,237.1292724609375
2018-11-20,234.9716033935547
2018-11-21,235.76425170898438
2018-11-23,234.77786254882812
2018-11-26,234.1702117919922
2018-11-27,229.2736358642578
2018-11-28,231.73953247070312
2018-11-29,229.5643310546875
2018-11-30,229.92703247070312
2018-12-03,231.3338165283203
2018-12-04,221.04425048828125
2018-12-06,227.3878173828125
2018-12-07,227.8567657470703
2018-12-10,239.0841064453125
2018-12-11,237.11117553710938
2018-12-12,238.97792053222656
2018-12-13,236.97845458984375
2018-12-14,232.43087768554688
2018-12-17,227.59127807617188
2018-12-18,227.32591247558594
2018-12-19,224.149658203125
2018-12-20,215.54112243652344
2018-12-21,208.12698364257812
2018-12-24,200.15541076660156
2018-12-26,205.82666015625
2018-12-27,211.95790100097656
2018-12-28,214.3290557861328
2018-12-31,216.67355346679688
2019-01-02,217.9741668701172
2019-01-03,212.26759338378906
2019-01-04,219.32781982421875
2019-01-07,221.03533935546875
2019-01-08,222.03515625
2019-01-09,223.08798217773438
2019-01-10,227.96290588378906
2019-01-11,226.53842163085938
2019-01-14,229.99781799316406
2019-01-15,229.0953826904297
2019-01-16,226.26422119140625
2019-01-17,233.64291381835938
2019-01-18,236.8899383544922
2019-01-22,234.21807861328125
2019-01-23,239.0841064453125
2019-01-24,238.721435546875
2019-01-25,241.3933563232422
2019-01-28,242.6850128173828
2019-01-29,247.84310913085938
2019-01-30,248.45364379882812
2019-01-31,243.79092407226562
2019-02-01,241.4994659423828
2019-02-04,246.60447692871094
2019-02-05,246.36558532714844
2019-02-06,248.0907440185547
2019-02-07,246.42742919921875
2019-02-08,248.27658081054688
2019-02-11,249.0286865234375
2019-02-12,251.3377685546875
2019-02-13,250.64764404296875
2019-02-14,248.25892639160156
2019-02-15,253.9036102294922
2019-02-19,254.23097229003906
2019-02-20,255.00070190429688
2019-02-21,254.36363220214844
2019-02-22,256.5047912597656
2019-02-25,255.02993774414062
2019-02-26,254.58580017089844
2019-02-27,254.7811737060547
2019-02-28,257.6153869628906
2019-03-01,254.98556518554688
2019-03-04,251.5205841064453
2019-03-05,251.3162078857422
2019-03-06,249.17506408691406
2019-03-07,245.60350036621094
2019-03-08,245.1770477294922
2019-03-11,248.0734100341797
2019-03-12,244.4751434326172
2019-03-13,248.02012634277344
2019-03-14,244.10205078125
2019-03-15,240.95689392089844
2019-03-18,244.22640991210938
2019-03-19,240.77920532226562
2019-03-20,240.2905731201172
2019-03-21,242.085205078125
2019-03-22,238.42478942871094
2019-03-25,238.63804626464844
2019-03-26,236.19480895996094
2019-03-27,234.4800567626953
2019-03-28,237.2165069580078
2019-03-29,239.52647399902344
2019-04-01,243.53343200683594
2019-04-02,242.84039306640625
2019-04-03,237.00332641601562
2019-04-04,240.77920532226562
2019-04-05,245.4791259765625
2019-04-08,246.01217651367188
2019-04-09,242.9647979736328
2019-04-10,240.3528289794922
2019-04-11,246.44752502441406
2019-04-12,251.47610473632812
2019-04-15,248.96182250976562
2019-04-16,250.19676208496094
2019-04-17,247.673583984375
2019-04-18,249.79708862304688
2019-04-22,251.33412170410156
2019-04-23,259.9697265625
2019-04-24,248.76646423339844
2019-04-25,248.04678344726562
2019-04-26,251.54730224609375
2019-04-29,254.09713745117188
2019-04-30,257.571044921875
2019-05-01,257.03790283203125
2019-05-02,257.5888366699219
2019-05-03,259.4633483886719
2019-05-06,258.84149169921875
2019-05-07,256.2116394042969
2019-05-08,258.1485290527344
2019-05-09,262.09320068359375
2019-05-10,267.2462158203125
2019-05-13,262.5196533203125
2019-05-14,262.66180419921875
2019-05-15,261.6400146484375
2019-05-16,270.7200622558594
2019-05-17,272.4791564941406
2019-05-20,279.48907470703125
2019-05-21,280.9638977050781
2019-05-22,281.31036376953125
2019-05-23,276.38836669921875
2019-05-24,277.25909423828125
2019-05-28,273.8473205566406
2019-05-29,271.87506103515625
2019-05-30,275.25115966796875
2019-05-31,270.57562255859375
2019-06-03,273.8681335449219
2019-06-04,278.623779296875
2019-06-05,282.63897705078125
2019-06-06,280.8991394042969
2019-06-07,283.99530029296875
2019-06-10,277.767333984375
2019-06-11,268.32720947265625
2019-06-12,272.0032958984375
2019-06-13,274.4837951660156
2019-06-14,276.08984375
2019-06-17,276.1255187988281
2019-06-18,279.4446716308594
2019-06-19,281.22918701171875
2019-06-20,288.9293212890625
2019-06-21,287.4482727050781
2019-06-24,286.8414611816406
2019-06-25,286.5470275878906
2019-06-26,284.3610534667969
2019-06-27,283.9862976074219
2019-06-28,288.2959289550781
2019-07-01,284.21826171875
2019-07-02,288.8133850097656
2019-07-03,290.205322265625
2019-07-05,290.1606750488281
2019-07-08,289.0810241699219
2019-07-09,290.7049560546875
2019-07-10,289.14349365234375
2019-07-11,289.9198303222656
2019-07-12,294.0241394042969
2019-07-15,290.22308349609375
2019-07-16,288.93829345703125
2019-07-17,287.3055114746094
2019-07-18,286.5381164550781
2019-07-19,287.4482727050781
2019-07-22,288.3761901855469
2019-07-23,289.0810241699219
2019-07-24,306.0159912109375
2019-07-25,316.4999694824219
2019-07-26,314.5370788574219
2019-07-29,317.133544921875
2019-07-30,314.8849792480469
2019-07-31,308.3359069824219
2019-08-01,307.8450927734375
2019-08-02,304.401123046875
2019-08-05,305.87322998046875
2019-08-06,316.08062744140625
2019-08-07,322.47808837890625
2019-08-08,329.2056579589844
2019-08-09,330.6153869628906
2019-08-12,332.99774169921875
2019-08-13,330.722412109375
2019-08-14,322.47808837890625
2019-08-15,325.8686218261719
2019-08-16,328.26873779296875
2019-08-19,330.2049560546875
2019-08-20,329.2502746582031
2019-08-21,329.3662414550781
2019-08-22,331.9359130859375
2019-08-23,322.5494689941406
2019-08-26,327.1445617675781
2019-08-27,324.9406433105469
2019-08-28,324.6909484863281
2019-08-29,328.2866516113281
2019-08-30,328.2331848144531
2019-09-03,326.7699279785156
2019-09-04,331.9715881347656
2019-09-05,328.7327575683594
2019-09-06,329.32379150390625
2019-09-09,318.63201904296875
2019-09-10,317.9693298339844
2019-09-11,321.3362731933594
2019-09-12,327.0404052734375
2019-09-13,325.66131591796875
2019-09-16,332.6012268066406
2019-09-17,335.32342529296875
2019-09-18,337.96490478515625
2019-09-19,336.3172912597656
2019-09-20,329.69091796875
2019-09-23,330.5416259765625
2019-09-24,330.8818664550781
2019-09-25,335.8069152832031
2019-09-26,342.20050048828125
2019-09-27,332.3773193359375
2019-09-30,335.6099548339844
2019-10-01,329.34161376953125
2019-10-02,324.60467529296875
2019-10-03,326.243408203125
2019-10-04,330.4073486328125
2019-10-07,329.4580993652344
2019-10-08,329.9236755371094
2019-10-09,329.198486328125
2019-10-10,330.2013244628906
2019-10-11,324.35400390625
2019-10-14,328.1148376464844
2019-10-15,324.103271484375
2019-10-16,326.56573486328125
2019-10-17,319.0260009765625
2019-10-18,313.07122802734375
2019-10-21,313.76068115234375
2019-10-22,315.5426940917969
2019-10-23,316.27691650390625
2019-10-24,319.5990295410156
2019-10-25,308.9341125488281
2019-10-28,310.30413818359375
2019-10-29,310.8773193359375
2019-10-30,317.0648498535156
2019-10-31,315.63214111328125
2019-11-01,315.31878662109375
2019-11-04,305.0568542480469
2019-11-05,302.5316162109375
2019-11-06,308.0565490722656
2019-11-07,307.5282897949219
2019-11-08,313.50994873046875
2019-11-11,313.4114990234375
2019-11-12,314.9247741699219
2019-11-13,316.7425231933594
2019-11-14,318.506591796875
2019-11-15,319.3752746582031
2019-11-18,319.4110107421875
2019-11-19,316.5813903808594
2019-11-20,316.0978088378906
2019-11-21,311.8175048828125
2019-11-22,312.65924072265625
2019-11-25,313.1876525878906
2019-11-26,316.8590087890625
2019-11-27,315.9903869628906
2019-11-29,316.1790771484375
2019-12-02,307.1549072265625
2019-12-03,308.43121337890625
2019-12-04,308.4851379394531
2019-12-05,309.56378173828125
2019-12-06,309.8782958984375
2019-12-09,308.34136962890625
2019-12-10,309.626708984375
2019-12-11,313.4287109375
2019-12-12,310.9029846191406
2019-12-13,309.7795715332031
2019-12-16,309.8154602050781
2019-12-17,310.84906005859375
2019-12-18,304.4314880371094
2019-12-19,307.5863952636719
2019-12-20,310.9120178222656
2019-12-23,312.8984069824219
2019-12-24,311.9636535644531
2019-12-26,312.75457763671875
2019-12-27,311.38836669921875
2019-12-30,313.7522888183594
2019-12-31,309.16827392578125
2020-01-02,319.7115478515625
2020-01-03,337.0678405761719
2020-01-06,337.80487060546875
2020-01-07,337.0318908691406
2020-01-08,332.8253173828125
2020-01-09,334.6858825683594
2020-01-10,336.5105895996094
2020-01-13,338.70361328125
2020-01-14,336.7621765136719
2020-01-15,341.78656005859375
2020-01-16,344.9505310058594
2020-01-17,341.52593994140625
2020-01-21,339.8721008300781
2020-01-22,337.346435546875
2020-01-23,342.9011535644531
2020-01-24,343.0270080566406
2020-01-27,340.71697998046875
2020-01-28,343.2066955566406
2020-01-29,343.9346923828125
2020-01-30,345.93011474609375
2020-01-31,336.6723327636719
2020-02-03,326.9470520019531
2020-02-04,325.2033386230469
2020-02-05,330.58721923828125
2020-02-06,326.9470520019531
2020-02-07,324.852783203125
2020-02-10,326.5335693359375
2020-02-11,330.8030090332031
2020-02-12,330.52435302734375
2020-02-13,330.7670593261719
2020-02-14,333.40960693359375
2020-02-18,334.73980712890625
2020-02-19,329.1041564941406
2020-02-20,326.4977111816406
2020-02-21,329.2760314941406
2020-02-24,324.206298828125
2020-02-25,306.6874694824219
2020-02-26,301.590576171875
2020-02-27,299.10986328125
2020-02-28,296.6470642089844
2020-03-02,303.0970153808594
2020-03-03,297.13427734375
2020-03-04,313.0022277832031
2020-03-05,295.6908264160156
2020-03-06,296.75531005859375
2020-03-09,282.6103515625
2020-03-10,302.1047668457031
2020-03-11,286.7330017089844
2020-03-12,262.060546875
2020-03-13,283.7109375
2020-03-16,254.92489624023438
2020-03-17,288.0681457519531
2020-03-18,291.3788146972656
2020-03-19,267.84295654296875
2020-03-20,256.2148742675781
2020-03-23,243.44117736816406
2020-03-24,253.74319458007812
2020-03-25,260.1299743652344
2020-03-26,289.7459716796875
2020-03-27,281.5909118652344
2020-03-30,283.00726318359375
2020-03-31,272.9307861328125
2020-04-01,276.93609619140625
2020-04-02,283.5215148925781
2020-04-03,282.9079895019531
2020-04-06,299.7955017089844
2020-04-07,293.6520690917969
2020-04-08,297.3957824707031
2020-04-09,303.6924743652344
2020-04-13,305.67706298828125
2020-04-14,314.64398193359375
2020-04-15,310.5845642089844
2020-04-16,312.3436279296875
2020-04-17,321.41876220703125
2020-04-20,310.2417907714844
2020-04-21,301.01324462890625
2020-04-22,308.52777099609375
2020-04-23,302.9527587890625
2020-04-24,306.0920104980469
2020-04-27,311.0535888671875
2020-04-28,310.8010559082031
2020-04-29,299.3443298339844
2020-04-30,298.2978515625
2020-05-01,295.94342041015625
2020-05-04,290.98187255859375
2020-05-05,296.5567932128906
2020-05-06,291.4057922363281
2020-05-07,292.4071960449219
2020-05-08,295.5735778808594
2020-05-11,295.4111633300781
2020-05-12,293.6431579589844
2020-05-13,289.08746337890625
2020-05-14,281.3926086425781
2020-05-15,290.1429138183594
2020-05-18,298.7490234375
2020-05-19,295.0142822265625
2020-05-20,289.0332946777344
2020-05-21,295.9885559082031
2020-05-22,294.0039367675781
2020-05-26,292.4522399902344
2020-05-27,309.40277099609375
2020-05-28,309.1772155761719
2020-05-29,303.6692199707031
2020-06-01,299.5652770996094
2020-06-02,296.29486083984375
2020-06-03,304.357666015625
2020-06-04,304.15838623046875
2020-06-05,309.92010498046875
2020-06-08,315.9808044433594
2020-06-09,310.3096618652344
2020-06-10,309.15008544921875
2020-06-11,290.7958068847656
2020-06-12,287.7972412109375
2020-06-15,284.1191101074219
2020-06-16,294.1930847167969
2020-06-17,291.9736328125
2020-06-18,287.9330749511719
2020-06-19,283.2494201660156
2020-06-22,285.8766784667969
2020-06-23,278.21240234375
2020-06-24,273.5105895996094
2020-06-25,273.36572265625
2020-06-26,273.4653625488281
2020-06-29,279.9518127441406
2020-06-30,278.52044677734375
2020-07-01,279.1546325683594
2020-07-02,280.8125
2020-07-06,283.0138854980469
2020-07-07,275.829833984375
2020-07-08,272.7768249511719
2020-07-09,259.0519714355469
2020-07-10,264.53277587890625
2020-07-13,264.84991455078125
2020-07-14,267.7489013671875
2020-07-15,272.46881103515625
2020-07-16,275.0869445800781
2020-07-17,277.9768371582031
2020-07-20,273.13006591796875
2020-07-21,279.1998291015625
2020-07-22,286.2752685546875
2020-07-23,283.6118469238281
2020-07-24,283.2766418457031
2020-07-27,279.0458984375
2020-07-28,283.4397277832031
2020-07-29,285.6048278808594
2020-07-30,295.34368896484375
2020-07-31,294.43768310546875
2020-08-03,293.1512756347656
2020-08-04,294.43768310546875
2020-08-05,298.69561767578125
2020-08-06,295.6426696777344
2020-08-07,298.2969970703125
2020-08-10,304.1493835449219
2020-08-11,309.69366455078125
2020-08-12,307.4740905761719
2020-08-13,306.7674865722656
2020-08-14,309.8839111328125
2020-08-17,307.80023193359375
2020-08-18,305.843505859375
2020-08-19,306.124267578125
2020-08-20,305.0009460449219
2020-08-21,306.0789794921875
2020-08-24,312.0218811035156
2020-08-25,310.7354736328125
2020-08-26,309.2950134277344
2020-08-27,316.1619567871094
2020-08-28,313.62384033203125
2020-08-31,311.6771240234375
2020-09-01,309.6484375
2020-09-02,316.907958984375
2020-09-03,311.3314514160156
2020-09-04,308.42041015625
2020-09-08,304.3539733886719
2020-09-09,308.7659606933594
2020-09-10,300.22381591796875
2020-09-11,308.28387451171875
2020-09-14,307.8927917480469
2020-09-15,307.5015869140625
2020-09-16,312.45947265625
2020-09-17,312.7960510253906
2020-09-18,310.6673278808594
2020-09-21,296.4667663574219
2020-09-22,302.7528991699219
2020-09-23,298.4407653808594
2020-09-24,295.40234375
2020-09-25,298.38623046875
2020-09-28,299.7688903808594
2020-09-29,295.91180419921875
2020-09-30,287.0057067871094
2020-10-01,283.65789794921875
2020-10-02,285.6047668457031
2020-10-05,283.99456787109375
2020-10-06,281.07440185546875
2020-10-07,285.5501403808594
2020-10-08,290.8173522949219
2020-10-09,286.81463623046875
2020-10-12,288.00628662109375
2020-10-13,284.37664794921875
2020-10-14,286.45989990234375
2020-10-15,286.39617919921875
2020-10-16,287.6879577636719
2020-10-19,283.22125244140625
2020-10-20,281.1470642089844
2020-10-21,280.52850341796875
2020-10-22,275.63421630859375
2020-10-23,280.5831298828125
2020-10-26,281.8658142089844
2020-10-27,274.8428039550781
2020-10-28,267.1466369628906
2020-10-29,265.9913330078125
2020-10-30,263.65325927734375
2020-11-02,269.8484802246094
2020-11-03,277.2990417480469
2020-11-04,287.1421813964844
2020-11-05,279.6460876464844
2020-11-06,274.15142822265625
2020-11-09,274.0787048339844
2020-11-10,286.1141357421875
2020-11-11,281.9750061035156
2020-11-12,278.5817565917969
2020-11-13,283.56695556640625
2020-11-16,284.494873046875
2020-11-17,284.40386962890625
2020-11-18,282.5572204589844
2020-11-19,281.538330078125
2020-11-20,278.75457763671875
2020-11-23,278.8182678222656
2020-11-24,281.9931640625
2020-11-25,284.0673522949219
2020-11-27,279.69854736328125
2020-11-30,276.2529296875
2020-12-01,275.1927490234375
2020-12-02,273.0632019042969
2020-12-03,277.3222961425781
2020-12-04,280.79534912109375
2020-12-07,275.1013488769531
2020-12-08,275.978759765625
2020-12-09,277.5965270996094
2020-12-10,272.75244140625
2020-12-11,274.7084045410156
2020-12-14,272.3595886230469
2020-12-15,272.8255920410156
2020-12-16,276.0245361328125
2020-12-17,274.8088684082031
2020-12-18,277.0481872558594
2020-12-21,272.00311279296875
2020-12-22,270.8240966796875
2020-12-23,274.7906799316406
2020-12-24,273.8218688964844
2020-12-28,276.94757080078125
2020-12-29,275.09222412109375
2020-12-30,276.5729064941406
2020-12-31,278.5012512207031
2021-01-04,269.3983459472656
2021-01-05,271.0708312988281
2021-01-06,273.40142822265625
2021-01-07,267.4059143066406
2021-01-08,263.5215148925781
2021-01-11,269.3799743652344
2021-01-12,271.9390563964844
2021-01-13,273.6938781738281
2021-01-14,276.94757080078125
2021-01-15,274.8729248046875
2021-01-19,272.37774658203125
2021-01-20,273.0724792480469
2021-01-21,271.3267517089844
2021-01-22,272.5057067871094
2021-01-25,273.5933837890625
2021-01-26,267.8902893066406
2021-01-27,267.0951232910156
2021-01-28,267.817138671875
2021-01-29,261.9495544433594
2021-02-01,267.1590576171875
2021-02-02,274.1874084472656
2021-02-03,274.8636169433594
2021-02-04,275.878173828125
2021-02-05,273.0815124511719
2021-02-08,274.3062438964844
2021-02-09,277.6421203613281
2021-02-10,277.5050964355469
2021-02-11,273.8492736816406
2021-02-12,271.77459716796875
2021-02-16,265.8521728515625
2021-02-17,271.61004638671875
2021-02-18,272.2315368652344
2021-02-19,271.6648864746094
2021-02-22,272.3046875
2021-02-23,272.98101806640625
2021-02-24,275.7685546875
2021-02-25,275.91485595703125
2021-02-26,267.8515319824219
2021-03-01,269.50457763671875
2021-03-02,274.390380859375
2021-03-03,274.6841735839844
2021-03-04,273.2240295410156
2021-03-05,276.3464660644531
2021-03-08,280.6719665527344
2021-03-09,273.9494934082031
2021-03-10,275.5107116699219
2021-03-11,274.9688720703125
2021-03-12,277.15460205078125
2021-03-15,280.7820739746094
2021-03-16,280.8739929199219
2021-03-17,285.2178649902344
2021-03-18,289.231201171875
2021-03-19,283.4546203613281
2021-03-22,288.5607604980469
2021-03-23,288.4964294433594
2021-03-24,290.2321472167969
2021-03-25,294.97088623046875
2021-03-26,292.9781188964844
2021-03-29,296.77093505859375
2021-03-30,296.3393859863281
2021-03-31,297.2209167480469
2021-04-01,295.9351806640625
2021-04-05,303.65875244140625
2021-04-06,304.12713623046875
2021-04-07,306.7076721191406
2021-04-08,308.6820983886719
2021-04-09,312.19952392578125
2021-04-12,312.8791809082031
2021-04-13,310.968994140625
2021-04-14,313.9168701171875
2021-04-15,316.4607849121094
2021-04-16,318.15057373046875
2021-04-19,316.5067443847656
2021-04-20,316.9659118652344
2021-04-21,317.3148498535156
2021-04-22,315.3955078125
2021-04-23,314.118896484375
2021-04-26,310.22509765625
2021-04-27,312.1261901855469
2021-04-28,310.7484436035156
2021-04-29,323.46795654296875
2021-04-30,325.5067443847656
2021-05-03,331.53125
2021-05-04,338.07000732421875
2021-05-05,342.5425109863281
2021-05-06,339.84246826171875
2021-05-07,340.3751220703125
2021-05-10,343.28631591796875
2021-05-11,338.23529052734375
2021-05-12,333.5057067871094
2021-05-13,339.85162353515625
2021-05-14,341.2750549316406
2021-05-17,342.4323425292969
2021-05-18,338.5292053222656
2021-05-19,340.623046875
2021-05-20,341.59649658203125
2021-05-21,340.2189636230469
2021-05-24,341.798583984375
2021-05-25,339.7873229980469
2021-05-26,336.78436279296875
2021-05-27,340.2189636230469
2021-05-28,337.4336853027344
2021-06-01,337.20318603515625
2021-06-02,338.6695861816406
2021-06-03,338.02398681640625
2021-06-04,348.1690673828125
2021-06-07,342.9397277832031
2021-06-08,342.2663879394531
2021-06-09,343.640625
2021-06-10,343.5576477050781
2021-06-11,345.9094543457031
2021-06-14,343.29937744140625
2021-06-15,345.8541259765625
2021-06-16,343.2809143066406
2021-06-17,340.0438232421875
2021-06-18,338.651123046875
2021-06-21,344.2770080566406
2021-06-22,343.6130065917969
2021-06-23,341.5009460449219
2021-06-24,340.9475402832031
2021-06-25,344.29547119140625
2021-06-28,341.4364013671875
2021-06-29,332.3058776855469
2021-06-30,335.1833190917969
2021-07-01,339.04766845703125
2021-07-02,340.5049133300781
2021-07-06,339.07537841796875
2021-07-07,342.4047546386719
2021-07-08,341.18743896484375
2021-07-09,342.9212341308594
2021-07-12,341.5470886230469
2021-07-13,338.8355712890625
2021-07-14,335.6536560058594
2021-07-15,335.8197326660156
2021-07-16,334.6115417480469
2021-07-19,327.4085998535156
2021-07-20,331.99224853515625
2021-07-21,333.3664245605469
2021-07-22,331.33746337890625
2021-07-23,333.2281188964844
2021-07-26,330.4152526855469
2021-07-27,334.04901123046875
2021-07-28,332.1214294433594
2021-07-29,337.2400207519531
2021-07-30,334.8052673339844
2021-08-02,333.7169189453125
2021-08-03,336.1148376464844
2021-08-04,329.483642578125
2021-08-05,330.8394470214844
2021-08-06,333.9659729003906
2021-08-09,332.9330139160156
2021-08-10,334.4917297363281
2021-08-11,337.64581298828125
2021-08-12,335.57989501953125
2021-08-13,334.8882141113281
2021-08-16,339.9700012207031
2021-08-17,339.97918701171875
2021-08-18,334.9343566894531
2021-08-19,333.02520751953125
2021-08-20,334.7868347167969
2021-08-23,334.7130432128906
2021-08-24,334.57464599609375
2021-08-25,334.47320556640625
2021-08-26,338.2545471191406
2021-08-27,337.9303894042969
2021-08-30,340.5052795410156
2021-08-31,340.579345703125
2021-09-01,338.0600280761719
2021-09-02,341.1351318359375
2021-09-03,338.94000244140625
2021-09-07,332.4099426269531
2021-09-08,333.8178405761719
2021-09-09,330.4648742675781
2021-09-10,327.9825134277344
2021-09-13,327.6119689941406
2021-09-14,325.7872619628906
2021-09-15,329.5015563964844
2021-09-16,323.8699645996094
2021-09-17,324.4072265625
2021-09-20,323.0826721191406
2021-09-21,319.68341064453125
2021-09-22,322.81402587890625
2021-09-23,325.0278015136719
2021-09-24,329.4644775390625
2021-09-27,330.86309814453125
2021-09-28,331.8727111816406
2021-09-29,336.2075500488281
2021-09-30,333.5862731933594
2021-10-01,334.29949951171875
2021-10-04,338.69915771484375
2021-10-05,342.59869384765625
2021-10-06,349.4898986816406
2021-10-07,354.4730529785156
2021-10-08,360.9752502441406
2021-10-11,364.1615295410156
2021-10-12,361.2994689941406
2021-10-13,360.030517578125
2021-10-14,361.17901611328125
2021-10-15,366.19927978515625
2021-10-18,364.83770751953125
2021-10-19,369.8487243652344
2021-10-20,371.3121643066406
2021-10-21,373.0627746582031
2021-10-22,376.2490234375
2021-10-25,376.6287841796875
2021-10-26,367.3200988769531
2021-10-27,359.52105712890625
2021-10-28,332.187744140625
2021-10-29,330.87237548828125
2021-11-01,328.6772155761719
2021-11-02,327.14892578125
2021-11-03,327.9917297363281
2021-11-04,330.3536682128906
2021-11-05,337.4950256347656
2021-11-08,336.4761962890625
2021-11-09,337.63397216796875
2021-11-10,335.3924865722656
2021-11-11,333.3918151855469
2021-11-12,333.1231994628906
2021-11-15,333.4473876953125
2021-11-16,328.4456481933594
2021-11-17,327.8529052734375
2021-11-18,325.5002136230469
2021-11-19,327.0840148925781
2021-11-22,336.3650207519531
2021-11-23,337.3468017578125
2021-11-24,334.7162780761719
2021-11-26,329.3020324707031
2021-11-29,331.5440673828125
2021-11-30,324.4831237792969
2021-12-01,321.8597412109375
2021-12-02,327.9903564453125
2021-12-03,332.8929443359375
2021-12-06,338.5863342285156
2021-12-07,337.3861999511719
2021-12-08,338.7072448730469
2021-12-09,342.21441650390625
2021-12-10,345.1913146972656
2021-12-13,351.0242004394531
2021-12-14,349.9915771484375
2021-12-15,352.4103088378906
2021-12-16,352.3172912597656
2021-12-17,351.1451110839844
2021-12-20,344.1587219238281
2021-12-21,352.103271484375
2021-12-22,353.331298828125
2021-12-23,354.5965576171875
2021-12-27,357.4245300292969
2021-12-28,358.46649169921875
2021-12-29,358.1501159667969
2021-12-30,357.72216796875
2021-12-31,360.0851745605469
2022-01-03,358.6524963378906
2022-01-04,369.3135681152344
2022-01-05,367.4529724121094
2022-01-06,369.57403564453125
2022-01-07,372.5045166015625
2022-01-10,374.18829345703125
2022-01-11,372.671875
2022-01-12,367.955322265625
2022-01-13,369.890380859375
2022-01-14,375.3232116699219
2022-01-18,373.63006591796875
2022-01-19,373.64874267578125
2022-01-20,369.704345703125
2022-01-21,371.0067138671875
2022-01-24,374.9603576660156
2022-01-25,375.072021484375
2022-01-26,375.1184997558594
2022-01-27,347.9170227050781
2022-01-28,353.69415283203125
2022-01-31,344.1121520996094
2022-02-01,344.7447509765625
2022-02-02,345.11688232421875
2022-02-03,347.7496032714844
2022-02-04,343.9726257324219
2022-02-07,347.14495849609375
2022-02-08,352.87542724609375
2022-02-09,357.5641174316406
2022-02-10,355.3871765136719
2022-02-11,371.48114013671875
2022-02-14,363.3690490722656
2022-02-15,357.94549560546875
2022-02-16,366.2156982421875
2022-02-17,370.35552978515625
2022-02-18,363.9737854003906
2022-02-22,363.4900207519531
2022-02-23,359.1641845703125
2022-02-24,367.9180908203125
2022-02-25,382.6285400390625
2022-02-28,412.9552917480469
2022-03-01,425.99383544921875
2022-03-02,423.4626770019531
2022-03-03,420.00689697265625
2022-03-04,437.64068603515625
2022-03-07,446.401611328125
2022-03-08,419.55853271484375
2022-03-09,420.22174072265625
2022-03-10,415.26226806640625
2022-03-11,407.500732421875
2022-03-14,412.28277587890625
2022-03-15,418.2603454589844
2022-03-16,396.41424560546875
2022-03-17,400.49578857421875
2022-03-18,399.7019348144531
2022-03-21,417.1208190917969
2022-03-22,416.8406066894531
2022-03-23,417.4197692871094
2022-03-24,424.564697265625
2022-03-25,427.9365234375
2022-03-28,417.3075866699219
2022-03-29,416.8499450683594
2022-03-30,423.4066467285156
2022-03-31,417.6999816894531
2022-04-01,424.7702941894531
2022-04-04,422.4352111816406
2022-04-05,424.0417785644531
2022-04-06,431.0
2022-04-07,439.6954650878906
2022-04-08,433.05474853515625
2022-04-11,431.6351013183594
2022-04-12,432.6998291015625
2022-04-13,433.8580322265625
2022-04-14,436.36114501953125
2022-04-18,434.8480224609375
2022-04-19,433.75531005859375
2022-04-20,432.81195068359375
2022-04-21,414.1788635253906
2022-04-22,417.8680419921875
2022-04-25,414.7111511230469
2022-04-26,413.30084228515625
2022-04-27,410.7416687011719
2022-04-28,415.7852478027344
2022-04-29,410.3960876464844
2022-05-02,409.6676330566406
2022-05-03,421.46392822265625
2022-05-04,432.0367431640625
2022-05-05,435.8568420410156
2022-05-06,437.7620544433594
2022-05-09,424.0137939453125
2022-05-10,420.2684326171875
2022-05-11,417.0087585449219
2022-05-12,421.0249328613281
2022-05-13,422.93963623046875
2022-05-16,427.8430480957031
2022-05-17,428.9638366699219
2022-05-18,424.8449401855469
2022-05-19,418.89544677734375
2022-05-20,414.06671142578125
2022-05-23,426.61956787109375
2022-05-24,440.0036926269531
2022-05-25,436.75341796875
2022-05-26,436.5759582519531
2022-05-27,441.3195495605469
2022-05-31,438.7039794921875
2022-06-01,435.2165832519531
2022-06-02,433.9228820800781
2022-06-03,448.4535827636719
2022-06-06,448.91290283203125
2022-06-07,461.28741455078125
2022-06-08,442.9037780761719
2022-06-09,433.9697570800781
2022-06-10,434.8134765625
2022-06-13,431.869873046875
2022-06-14,426.0388488769531
2022-06-15,429.77923583984375
2022-06-16,420.93914794921875
2022-06-17,416.1673889160156
2022-06-21,434.7666931152344
2022-06-22,429.9292297363281
2022-06-23,427.70745849609375
2022-06-24,434.70098876953125
2022-06-27,437.6259765625
2022-06-28,435.61041259765625
2022-06-29,432.92919921875
2022-06-30,448.64105224609375
2022-07-01,455.9532165527344
2022-07-05,435.3197021484375
2022-07-06,451.7346496582031
2022-07-07,449.40045166015625
2022-07-08,450.3846740722656
2022-07-11,445.7724304199219
2022-07-12,439.55706787109375
2022-07-13,436.10723876953125
2022-07-14,430.2855529785156
2022-07-15,432.35736083984375
2022-07-18,421.1640625
2022-07-19,428.7856140136719
2022-07-20,427.5481872558594
2022-07-21,425.4201354980469
2022-07-22,423.59210205078125
2022-07-25,424.97015380859375
2022-07-26,416.84228515625
2022-07-27,417.9297790527344
2022-07-28,426.0388488769531
2022-07-29,448.950439453125
2022-08-01,445.8849182128906
2022-08-02,450.9659729003906
2022-08-03,451.6221618652344
2022-08-04,448.1441650390625
2022-08-05,447.7222900390625
2022-08-08,440.65386962890625
2022-08-09,444.103759765625
2022-08-10,443.55072021484375
2022-08-11,440.89764404296875
2022-08-12,449.5879211425781
2022-08-15,456.42193603515625
2022-08-16,455.1375732421875
2022-08-17,461.709228515625
2022-08-18,462.05609130859375
2022-08-19,460.0593566894531
2022-08-22,453.9095764160156
2022-08-23,452.6814880371094
2022-08-24,458.315673828125
2022-08-25,463.5560302734375
2022-08-26,456.38751220703125
2022-08-29,457.0272216796875
2022-08-30,452.4363098144531
2022-08-31,449.6705627441406
2022-09-01,451.8625183105469
2022-09-02,448.6921691894531
2022-09-06,451.31683349609375
2022-09-07,458.8804931640625
2022-09-08,460.71502685546875
2022-09-09,462.2954406738281
2022-09-12,453.7252197265625
2022-09-13,441.1473083496094
2022-09-14,456.15234375
2022-09-15,456.3404541015625
2022-09-16,456.4533386230469
2022-09-19,459.1533508300781
2022-09-20,464.73199462890625
2022-09-21,463.6689453125
2022-09-22,467.0463562011719
2022-09-23,450.4514465332031
2022-09-26,446.26495361328125
2022-09-27,446.0486145019531
2022-09-28,455.0328369140625
2022-09-29,442.60546875
2022-09-30,442.4549255371094
2022-10-03,456.93310546875
2022-10-04,461.2323913574219
2022-10-05,455.747802734375
2022-10-06,456.48162841796875
2022-10-07,466.6981201171875
2022-10-10,473.97955322265625
2022-10-11,477.2534484863281
2022-10-12,463.2079772949219
2022-10-13,471.7312316894531
2022-10-14,436.6881103515625
2022-10-17,446.9423828125
2022-10-18,476.7736511230469
2022-10-19,480.6401672363281
2022-10-20,482.0794982910156
2022-10-21,491.6939392089844
2022-10-24,494.7984924316406
2022-10-25,495.5417175292969
2022-10-26,499.53045654296875
2022-10-27,503.78265380859375
2022-10-28,515.6361083984375
2022-10-31,516.4828491210938
2022-11-01,504.1307678222656
2022-11-02,498.8813781738281
2022-11-03,494.3751525878906
2022-11-04,491.7974853515625
2022-11-07,503.0865173339844
2022-11-08,508.88153076171875
2022-11-09,501.5530700683594
2022-11-10,500.09490966796875
2022-11-11,463.509033203125
2022-11-14,453.1984558105469
2022-11-15,471.0538635253906
2022-11-16,475.2025451660156
2022-11-17,488.10968017578125
2022-11-18,489.58660888671875
2022-11-21,496.5953369140625
2022-11-22,493.5660705566406
2022-11-23,491.3929748535156
2022-11-25,498.2077941894531
2022-11-28,495.4233093261719
2022-11-29,498.6984558105469
2022-11-30,503.361328125
2022-12-01,500.5391845703125
2022-12-02,514.98046875
2022-12-05,511.0445556640625
2022-12-06,501.9642639160156
2022-12-07,509.89300537109375
2022-12-08,510.2138977050781
2022-12-09,499.25543212890625
2022-12-12,505.1452331542969
2022-12-13,496.0933837890625
2022-12-14,501.93597412109375
2022-12-15,498.8307189941406
2022-12-16,500.1332702636719
2022-12-19,502.6346130371094
2022-12-20,499.8500671386719
2022-12-21,508.5525817871094
2022-12-22,501.549072265625
2022-12-23,504.7582702636719
2022-12-27,510.81805419921875
2022-12-28,510.0816955566406
2022-12-29,511.5824279785156
2022-12-30,514.98974609375
2023-01-03,510.0062561035156
2023-01-04,496.9051513671875
2023-01-05,498.8591003417969
2023-01-06,492.1575012207031
2023-01-09,467.607177734375
2023-01-10,467.96588134765625
2023-01-11,465.2663879394531
2023-01-12,460.5941467285156
2023-01-13,435.5341796875
2023-01-17,430.0030212402344
2023-01-18,421.02679443359375
2023-01-19,417.4872131347656
2023-01-20,425.4629821777344
2023-01-23,425.5668029785156
2023-01-24,433.53314208984375
2023-01-25,437.289794921875
2023-01-26,418.58209228515625
2023-01-27,413.0887145996094
2023-01-30,414.62725830078125
2023-01-31,422.8955993652344
2023-02-01,417.7514953613281
2023-02-02,416.11859130859375
2023-02-03,415.9109191894531
2023-02-06,423.7639465332031
2023-02-07,426.7749938964844
2023-02-08,430.46551513671875
2023-02-09,428.37957763671875
2023-02-10,437.8277893066406
2023-02-13,438.2242126464844
2023-02-14,441.2729187011719
2023-02-15,435.07171630859375
2023-02-16,439.2341613769531
2023-02-17,444.2178955078125
2023-02-21,447.3515319824219
2023-02-22,451.8632507324219
2023-02-23,449.5318603515625
2023-02-24,446.1025695800781
2023-02-27,445.3068542480469
2023-02-28,439.6607360839844
2023-03-01,438.1830139160156
2023-03-02,443.6016540527344
2023-03-03,442.758544921875
2023-03-06,445.448974609375
2023-03-07,447.3246765136719
2023-03-08,440.7407531738281
2023-03-09,434.85791015625
2023-03-10,435.5588684082031
2023-03-13,433.6263427734375
2023-03-14,429.7613525390625
2023-03-15,425.2520751953125
2023-03-16,426.43621826171875
2023-03-17,420.2313537597656
2023-03-20,425.59320068359375
2023-03-21,426.27520751953125
2023-03-22,420.2313537597656
2023-03-23,421.02703857421875
2023-03-24,431.26751708984375
2023-03-27,434.10955810546875
2023-03-28,434.820068359375
2023-03-29,437.254638671875
2023-03-30,436.6957092285156
2023-03-31,437.3966979980469
2023-04-03,444.47320556640625
2023-04-04,443.4406433105469
2023-04-05,446.1025695800781
2023-04-06,445.6099548339844
2023-04-10,451.43603515625
2023-04-11,443.6016540527344
2023-04-12,447.8645935058594
2023-04-13,449.1813659667969
2023-04-14,447.67510986328125
2023-04-17,449.7781677246094
2023-04-18,454.2116394042969
2023-04-19,451.9380798339844
2023-04-20,449.2003479003906
2023-04-21,447.12567138671875
2023-04-24,446.1120910644531
2023-04-25,440.94915771484375
2023-04-26,425.4320983886719
2023-04-27,433.569580078125
2023-04-28,436.97039794921875
2023-05-01,438.3440246582031
2023-05-02,425.16680908203125
2023-05-03,420.3354797363281
2023-05-04,418.9335021972656
2023-05-05,423.27215576171875
2023-05-08,418.9429626464844
2023-05-09,419.0092468261719
2023-05-10,419.6913146972656
2023-05-11,412.88958740234375
2023-05-12,415.6462097167969
2023-05-15,416.22412109375
2023-05-16,412.6811218261719
2023-05-17,423.77423095703125
2023-05-18,420.2313537597656
2023-05-19,419.95654296875
2023-05-22,419.729248046875
2023-05-23,419.6913146972656
2023-05-24,418.1850891113281
2023-05-25,410.67291259765625
2023-05-26,417.02838134765625
2023-05-30,416.8760681152344
2023-05-31,414.3358154296875
2023-06-01,417.20916748046875
2023-06-02,422.2706298828125
2023-06-05,423.90716552734375
2023-06-06,426.333251953125
2023-06-07,431.3282165527344
2023-06-08,433.34521484375
2023-06-09,432.19403076171875
2023-06-12,431.48046875
2023-06-13,429.235107421875
2023-06-14,426.1429748535156
2023-06-15,430.87152099609375
2023-06-16,436.0853271484375
2023-06-20,432.2701110839844
2023-06-21,440.0052490234375
2023-06-22,435.8094482421875
2023-06-23,431.9942626953125
2023-06-26,426.25714111328125
2023-06-27,426.6567687988281
2023-06-28,421.15753173828125
2023-06-29,429.3017578125
2023-06-30,433.65924072265625
2023-07-03,435.90460205078125
2023-07-05,436.7513427734375
2023-07-06,433.8304748535156
2023-07-07,430.4719543457031
2023-07-10,430.60516357421875
2023-07-11,438.3688049316406
2023-07-12,431.3282165527344
2023-07-13,434.8294982910156
2023-07-14,428.74993896484375
2023-07-17,432.1750183105469
2023-07-18,421.17657470703125
2023-07-19,420.7959899902344
2023-07-20,432.28924560546875
2023-07-21,431.3949279785156
2023-07-24,430.24359130859375
2023-07-25,434.9817199707031
2023-07-26,434.95318603515625
2023-07-27,423.6788330078125
2023-07-28,427.83648681640625
2023-07-31,423.3838195800781
2023-08-01,426.380859375
2023-08-02,425.73388671875
2023-08-03,421.1099548339844
2023-08-04,417.2377014160156
2023-08-07,415.448974609375
2023-08-08,411.87164306640625
2023-08-09,414.3929138183594
2023-08-10,409.3694152832031
2023-08-11,410.1114501953125
2023-08-14,408.5892333984375
2023-08-15,402.6142883300781
2023-08-16,406.53411865234375
2023-08-17,408.3228454589844
2023-08-18,409.2742614746094
2023-08-21,412.6232604980469
2023-08-22,416.46697998046875
2023-08-23,413.4128723144531
2023-08-24,411.1866455078125
2023-08-25,410.4699401855469
2023-08-28,411.9892272949219
2023-08-29,410.94769287109375
2023-08-30,415.4770812988281
2023-08-31,413.8430480957031
2023-09-01,416.2605895996094
2023-09-05,411.92236328125
2023-09-06,404.8130187988281
2023-09-07,411.8363342285156
2023-09-08,403.93389892578125
2023-09-11,406.11260986328125
2023-09-12,405.2334289550781
2023-09-13,407.36431884765625
2023-09-14,413.1072692871094
2023-09-15,414.2251892089844
2023-09-18,420.94281005859375
2023-09-19,416.5950622558594
2023-09-20,420.6179504394531
2023-09-21,417.6844177246094
2023-09-22,406.01702880859375
2023-09-25,406.6572570800781
2023-09-26,407.622314453125
2023-09-27,417.80859375
2023-09-28,419.9681701660156
2023-09-29,420.62744140625
2023-10-02,422.56732177734375
2023-10-03,415.0087890625
2023-10-04,403.5230407714844
2023-10-05,401.40167236328125
2023-10-06,404.4308166503906
2023-10-09,450.6511535644531
2023-10-10,444.4495849609375
2023-10-11,452.33294677734375
2023-10-12,456.09783935546875
2023-10-13,468.36724853515625
2023-10-16,467.33526611328125
2023-10-17,467.2683410644531
2023-10-18,468.95013427734375
2023-10-19,468.1666259765625
2023-10-20,464.1149597167969
2023-10-23,459.24163818359375
2023-10-24,457.1776428222656
2023-10-25,461.7834167480469
2023-10-26,456.5469970703125
2023-10-27,452.04632568359375
2023-10-30,447.85137939453125
2023-10-31,450.47918701171875
2023-11-01,447.4500732421875
2023-11-02,454.6263122558594
2023-11-03,449.6669616699219
2023-11-06,450.0682678222656
2023-11-07,446.9149169921875
2023-11-08,440.0157470703125
2023-11-09,440.5987243652344
2023-11-10,442.68182373046875
2023-11-13,443.74249267578125
2023-11-14,446.0835876464844
2023-11-15,444.32537841796875
2023-11-16,443.26470947265625
2023-11-17,443.5418701171875
2023-11-20,445.11846923828125
2023-11-21,450.1351623535156
2023-11-22,450.49822998046875
2023-11-24,452.3594970703125
2023-11-27,449.356689453125
2023-11-28,450.9779357910156
2023-11-29,448.41650390625
2023-11-30,455.8515930175781
2023-12-01,460.34136962890625
2023-12-04,460.81146240234375
2023-12-05,457.24261474609375
2023-12-06,460.7730712890625
2023-12-07,458.0773010253906
2023-12-08,456.89727783203125
2023-12-11,459.3052978515625
2023-12-12,459.775390625
2023-12-13,465.3013610839844
2023-12-14,444.81890869140625
2023-12-15,442.3149108886719
2023-12-18,446.50738525390625
2023-12-19,445.2985534667969
2023-12-20,438.5830078125
2023-12-21,440.55926513671875
2023-12-22,444.3104248046875
2023-12-26,445.6247253417969
2023-12-27,445.3561096191406
2023-12-28,446.7568054199219
2023-12-29,449.1168212890625
2024-01-02,450.987548828125
2024-01-03,455.5829772949219
2024-01-04,452.5609130859375
2024-01-05,450.7956848144531
2024-01-08,455.9474792480469
2024-01-09,453.04058837890625
2024-01-10,452.77197265625
2024-01-11,448.34930419921875
2024-01-12,461.5309753417969
2024-01-16,458.4801940917969
2024-01-17,454.6235656738281
2024-01-18,455.34307861328125
2024-01-19,451.3617248535156
2024-01-22,447.6585693359375
2024-01-23,448.9057922363281
2024-01-24,445.06829833984375
2024-01-25,416.8917541503906
2024-01-26,420.1632385253906
2024-01-29,420.49896240234375
2024-01-30,425.47808837890625
2024-01-31,428.6055908203125
2024-02-01,428.0875244140625
2024-02-02,428.43292236328125
2024-02-05,424.3076477050781
2024-02-06,429.95831298828125
2024-02-07,435.4554748535156
2024-02-08,432.8843688964844
2024-02-09,436.4340515136719
2024-02-12,433.1241760253906
2024-02-13,428.0395812988281
2024-02-14,428.2314758300781
2024-02-15,431.71392822265625
2024-02-16,432.6349182128906
2024-02-20,435.4650573730469
2024-02-21,441.3075866699219
2024-02-22,438.4774169921875
2024-02-23,444.18023681640625
2024-02-26,442.4848327636719
2024-02-27,441.540771484375
2024-02-28,442.1091003417969
2024-02-29,444.1031494140625
2024-03-01,438.207763671875
2024-03-04,443.1976013183594
2024-03-05,441.4444274902344
2024-03-06,444.15130615234375
2024-03-07,439.6526184082031
2024-03-08,442.6389465332031
2024-03-11,442.39813232421875
2024-03-12,442.003173828125
2024-03-13,441.4155578613281
2024-03-14,443.94903564453125
2024-03-15,444.8063659667969
2024-03-18,445.4228820800781
2024-03-19,450.32611083984375
2024-03-20,453.47613525390625
2024-03-21,450.33575439453125
2024-03-22,451.5495300292969
2024-03-25,452.0985412597656
2024-03-26,452.6669616699219
2024-03-27,459.84356689453125
2024-03-28,461.09588623046875
2024-04-01,454.05413818359375
2024-04-02,449.2471923828125
2024-04-03,440.24029541015625
2024-04-04,442.61962890625
2024-04-05,437.8223876953125
2024-04-08,439.6141357421875
2024-04-09,437.9765319824219
2024-04-10,441.1072692871094
2024-04-11,441.0302429199219
2024-04-12,439.3733825683594
2024-04-15,434.730224609375
2024-04-16,433.82470703125
2024-04-17,435.4623107910156
2024-04-18,435.895751953125
2024-04-19,445.60589599609375
2024-04-22,453.6977233886719
2024-04-23,457.261962890625
2024-04-24,457.15594482421875
2024-04-25,470.1509704589844
2024-04-26,462.8202209472656
2024-04-29,468.37841796875
2024-04-30,467.2321472167969
2024-05-01,468.52294921875
2024-05-02,457.5701904296875
2024-05-03,451.8770446777344
2024-05-06,451.65545654296875
2024-05-07,456.3659973144531
2024-05-08,454.3045654296875
2024-05-09,456.05780029296875
2024-05-10,457.37750244140625
2024-05-13,459.1596374511719
2024-05-14,456.67431640625
2024-05-15,452.4164733886719
2024-05-16,453.4183044433594
2024-05-17,452.965576171875
2024-05-20,451.7325744628906
2024-05-21,454.58392333984375
2024-05-22,457.2715148925781
2024-05-23,450.06597900390625
2024-05-24,451.3044738769531
2024-05-28,440.72894287109375
2024-05-29,431.9143981933594
2024-05-30,432.0401611328125
2024-05-31,436.1523132324219
2024-06-03,434.759033203125
2024-06-04,433.8495178222656
2024-06-05,428.02471923828125
2024-06-06,430.3565673828125
2024-06-07,425.7702941894531
2024-06-10,421.63873291015625
2024-06-11,415.8816833496094
2024-06-12,413.29827880859375
2024-06-13,409.6892395019531
2024-06-14,410.3375244140625
2024-06-17,415.8429870605469
2024-06-18,412.0210876464844
2024-06-20,420.390625
2024-06-21,418.07806396484375
2024-06-24,416.70416259765625
2024-06-25,414.5851135253906
2024-06-26,417.4975280761719
2024-06-27,420.80670166015625
2024-06-28,421.81298828125
2024-07-01,420.89373779296875
2024-07-02,423.1868896484375
2024-07-03,422.9159240722656
2024-07-05,420.6324157714844
2024-07-08,416.2977600097656
2024-07-09,409.98919677734375
2024-07-10,412.41778564453125
2024-07-11,418.01031494140625
2024-07-12,418.22320556640625
2024-07-15,417.91363525390625
2024-07-16,421.0485534667969
2024-07-17,425.89605712890625
2024-07-18,425.35418701171875
2024-07-19,423.7384033203125
2024-07-22,423.8932189941406
2024-07-23,427.9570007324219
2024-07-24,427.7828063964844
2024-07-25,455.310302734375
2024-07-26,464.7247009277344
2024-07-29,461.81231689453125
2024-07-30,470.9461975097656
2024-07-31,468.6143493652344
2024-08-01,477.3611755371094
2024-08-02,478.5126037597656
2024-08-05,476.6549072265625
2024-08-06,470.752685546875
2024-08-07,473.8682556152344
2024-08-08,475.3873291015625
2024-08-09,478.3094177246094
2024-08-12,485.3921203613281
2024-08-13,486.0887145996094
2024-08-14,488.6237487792969
2024-08-15,487.36590576171875
2024-08-16,490.22991943359375
2024-08-19,488.4979553222656
2024-08-20,491.56524658203125
2024-08-21,490.4233703613281
2024-08-22,493.1036376953125
2024-08-23,492.822998046875
2024-08-26,495.3967590332031
2024-08-27,495.8224792480469
2024-08-28,496.9061279296875
2024-08-29,502.50836181640625
2024-08-30,506.2432556152344
2024-09-03,507.7392272949219
2024-09-04,508.70086669921875
2024-09-05,504.53363037109375
2024-09-06,500.2691650390625
2024-09-09,509.2157287597656
2024-09-10,505.0969543457031
2024-09-11,501.17254638671875
2024-09-12,503.7078857421875
2024-09-13,504.9124450683594
2024-09-16,506.3597717285156
2024-09-17,505.85467529296875
2024-09-18,506.7095642089844
2024-09-19,507.3215026855469
2024-09-20,510.1093444824219
2024-09-23,517.8903198242188
2024-09-24,514.7041015625
2024-09-25,513.004150390625
2024-09-26,509.3127746582031
2024-09-27,511.7219543457031
2024-09-30,512.9652099609375
2024-10-01,528.3231201171875
2024-10-02,523.456298828125
2024-10-03,522.2032470703125
2024-10-04,521.3873291015625
2024-10-07,518.6964721679688
2024-10-08,517.4143676757812
2024-10-09,517.0062866210938
2024-10-10,512.0133056640625
2024-10-11,513.5772094726562
2024-10-14,518.7936401367188
2024-10-15,511.8578796386719
2024-10-16,516.2291259765625
2024-10-17,512.8681640625
2024-10-18,515.6074829101562
2024-10-21,514.5001220703125
2024-10-22,505.3204345703125
2024-10-23,501.6291198730469
2024-10-24,508.70086669921875
2024-10-25,504.4947204589844
2024-10-28,497.50067138671875
2024-10-29,489.63232421875
2024-10-30,490.885498046875
2024-10-31,494.460205078125
2024-11-01,492.4494323730469
2024-11-04,492.9254455566406
2024-11-05,498.229248046875
2024-11-06,508.1763000488281
2024-11-07,505.6895751953125
2024-11-08,513.8590087890625
2024-11-11,518.434326171875
2024-11-12,516.1903686523438
2024-11-13,505.5340881347656
2024-11-14,486.02850341796875
2024-11-15,479.860107421875
2024-11-18,474.7019958496094
2024-11-19,476.97503662109375
2024-11-20,477.9076232910156
2024-11-21,482.2109375
2024-11-22,482.6577453613281
2024-11-25,471.3895263671875
2024-11-26,474.4591369628906
2024-11-27,475.09051513671875
2024-11-29,475.6442565917969
2024-12-02,472.87384033203125
2024-12-03,473.3225402832031
2024-12-04,474.6979675292969
2024-12-05,467.82073974609375
2024-12-06,462.0457458496094
2024-12-09,467.4305114746094
2024-12-10,468.4157409667969
2024-12-11,463.967529296875
2024-12-12,469.7131652832031
2024-12-13,468.24017333984375
2024-12-16,470.7765197753906
2024-12-17,468.5231018066406
2024-12-18,456.2025146484375
2024-12-19,455.6855163574219
2024-12-20,458.0364685058594
2024-12-23,455.7538146972656
2024-12-24,459.5484924316406
2024-12-26,460.66058349609375
2024-12-27,459.8021240234375
2024-12-30,455.0904541015625
2024-12-31,457.7926025390625
2025-01-02,456.5439453125
2025-01-03,456.3586120605469
2025-01-06,443.9892883300781
2025-01-07,441.306640625
2025-01-08,450.88604736328125
2025-01-10,447.4522399902344
2025-01-13,460.806884765625
2025-01-14,463.8504333496094
2025-01-15,460.7288513183594
2025-01-16,469.4010314941406
2025-01-17,470.5619201660156
2025-01-21,492.0912170410156
2025-01-22,490.1011657714844
2025-01-23,487.5258483886719
2025-01-24,484.84320068359375
2025-01-27,490.9010925292969
2025-01-28,474.717529296875
2025-01-29,469.7424621582031
2025-01-30,471.527587890625
2025-01-31,475.33209228515625
2025-02-03,475.80035400390625
2025-02-04,470.5716552734375
2025-02-05,460.7678527832031
2025-02-06,455.11968994140625
2025-02-07,457.0999755859375
2025-02-10,462.74810791015625
2025-02-11,462.2311096191406
2025-02-12,459.3241271972656
2025-02-13,443.91119384765625
2025-02-14,428.1471252441406
2025-02-18,430.54681396484375
2025-02-19,422.83062744140625
2025-02-20,427.37646484375
2025-02-21,436.9851379394531
2025-02-24,438.91668701171875
2025-02-25,449.7154541015625
2025-02-26,443.72589111328125
2025-02-27,448.7008972167969
2025-02-28,450.42755126953125
2025-03-03,463.8812255859375
2025-03-04,454.4940490722656
2025-03-05,464.65533447265625
2025-03-06,465.63519287109375
2025-03-07,476.727294921875
2025-03-10,485.47760009765625
2025-03-11,484.16455078125
2025-03-12,465.5372009277344
2025-03-13,480.7154235839844
2025-03-14,475.1693420410156
2025-03-17,480.6272277832031
2025-03-18,479.9510803222656
2025-03-19,481.626708984375
2025-03-20,479.3827819824219
2025-03-21,480.8428039550781
2025-03-24,485.1150207519531
2025-03-25,496.42279052734375
2025-03-26,496.9322814941406
2025-03-27,503.47784423828125
2025-03-28,501.88067626953125
2025-03-31,501.70428466796875
2025-04-01,502.7723388671875
2025-04-02,501.870849609375
2025-04-03,504.8006591796875
2025-04-04,475.7474365234375
2025-04-07,471.876953125
2025-04-08,482.0675964355469
2025-04-09,501.9884033203125
2025-04-10,505.70220947265625
2025-04-11,523.2418212890625
2025-04-14,525.0349731445312
2025-04-15,518.705078125
2025-04-16,526.6909790039062
2025-04-17,529.5130004882812
2025-04-21,520.6354370117188
2025-04-22,454.739013671875
2025-04-23,463.1365051269531
2025-04-24,453.74932861328125
2025-04-25,463.67547607421875
2025-04-28,473.58197021484375
2025-04-29,472.39630126953125
2025-04-30,476.7077331542969
2025-05-01,476.8743591308594
2025-05-02,481.5287170410156
2025-05-05,483.4002990722656
2025-05-06,477.66802978515625
2025-05-07,476.25701904296875
2025-05-08,474.6205749511719
2025-05-09,472.9058532714844
2025-05-12,469.5154724121094
2025-05-13,461.1963806152344
2025-05-14,447.1156005859375
2025-05-15,459.6089782714844
2025-05-16,463.6460266113281
2025-05-19,461.6372985839844
2025-05-20,467.00701904296875
2025-05-21,464.3613586425781
2025-05-22,463.36187744140625
2025-05-23,461.970458984375
2025-05-27,465.8997497558594
2025-05-28,465.7527770996094
2025-05-29,469.7408752441406
2025-05-30,475.0125732421875
2025-06-02,475.9183654785156
2025-06-03,480.68365478515625
2025-06-04,483.70623779296875
2025-06-05,480.5851745605469
2025-06-06,481.85528564453125
2025-06-09,483.775146484375
2025-06-10,481.2546691894531
2025-06-11,480.9199523925781
2025-06-12,489.45611572265625
2025-06-13,508.7436828613281
2025-06-16,489.8400573730469
2025-06-17,496.19049072265625
2025-06-18,487.014404296875
2025-06-20,490.017333984375
2025-06-23,491.9569396972656
2025-06-24,476.52880859375
2025-06-25,479.4037170410156
2025-06-26,486.0396423339844
2025-06-27,486.3744201660156
2025-06-30,492.26214599609375
2025-07-01,495.7572937011719
2025-07-02,491.19879150390625
2025-07-03,496.4170227050781
2025-07-07,500.0795593261719
2025-07-08,497.05694580078125
2025-07-09,500.0992431640625
2025-07-10,505.9377136230469
2025-07-11,506.65643310546875
2025-07-14,513.06591796875
2025-07-15,508.8421936035156
2025-07-16,511.6777038574219
2025-07-17,515.7439575195312
2025-07-18,511.0278625488281
2025-07-21,507.3357849121094
2025-07-22,555.0870361328125
2025-07-23,559.7244873046875
2025-07-24,559.7047119140625
2025-07-25,560.9452514648438
2025-07-28,559.842529296875
2025-07-29,564.37158203125
2025-07-30,563.9678955078125
2025-07-31,567.7091674804688
2025-08-01,577.3875122070312
2025-08-04,580.6463623046875
2025-08-05,580.8433227539062
2025-08-06,580.1934814453125
2025-08-07,578.3129272460938
2025-08-08,572.1397705078125
2025-08-11,571.2831420898438
2025-08-12,571.8345336914062
2025-08-13,573.1046142578125
2025-08-14,574.7094116210938
2025-08-15,574.9457397460938
2025-08-18,575.79248046875
2025-08-19,577.1807250976562
2025-08-20,583.393310546875
2025-08-21,587.9912719726562
2025-08-22,583.2947998046875
2025-08-25,577.6828002929688
2025-08-26,583.8659057617188
2025-08-27,577.5548706054688
2025-08-28,578.8250122070312
2025-08-29,580.9319458007812
2025-09-02,582.5035400390625
2025-09-03,574.2896728515625
2025-09-04,573.0541381835938
2025-09-05,574.0820922851562
2025-09-08,575.1693725585938
2025-09-09,565.0181884765625
2025-09-10,573.162841796875
2025-09-11,576.2072143554688
2025-09-12,569.298095703125
2025-09-15,567.8944702148438
2025-09-16,572.65869140625
2025-09-17,570.4051513671875
2025-09-18,567.1135864257812
2025-09-19,566.4019775390625
2025-09-22,569.4859008789062
2025-09-23,570.4051513671875
2025-09-24,579.4888305664062
2025-09-25,578.99462890625
2025-09-26,587.6434326171875
2025-09-29,587.1195068359375
2025-09-30,602.272216796875
2025-10-01,598.4172973632812
2025-10-02,598.0120849609375
2025-10-03,602.4896240234375
2025-10-06,611.3658447265625
2025-10-07,614.4398193359375
2025-10-08,630.571044921875
2025-10-09,627.6651000976562
2025-10-10,616.2783203125
2025-10-13,611.7216186523438
2025-10-14,619.6785278320312
2025-10-15,601.88671875
2025-10-16,592.0518188476562
2025-10-17,587.6235961914062
2025-10-20,595.0369262695312
2025-10-21,592.41748046875
2025-10-22,589.5806884765625
2025-10-23,598.733642578125
2025-10-24,598.575439453125
2025-10-27,589.056884765625
2025-10-28,588.1672973632812
2025-10-29,578.2236328125
2025-10-30,571.9075317382812
2025-10-31,576.7014770507812
2025-11-03,568.7544555664062
2025-11-04,570.4644165039062
2025-11-05,563.9012451171875
2025-11-06,565.3443603515625
2025-11-07,562.0330200195312
2025-11-10,556.4682006835938
2025-11-11,560.1846923828125
2025-11-12,552.1091918945312
2025-11-13,551.5458374023438
2025-11-14,551.5458374023438
2025-11-17,556.5176391601562
2025-11-18,560.2044677734375
2025-11-19,558.46484375
2025-11-20,560.7876586914062
2025-11-21,560.1452026367188
2025-11-24,559.0183715820312
2025-11-25,562.833740234375
2025-11-26,560.5504150390625
2025-11-28,565.6309814453125
2025-12-01,541.3856811523438
2025-12-02,542.8346557617188
2025-12-03,549.1366577148438
2025-12-04,548.8190307617188
2025-12-05,544.8195190429688
2025-12-08,549.3748168945312
2025-12-09,546.4669799804688
2025-12-10,551.1611938476562
2025-12-11,555.8057861328125
2025-12-12,565.452392578125
2025-12-15,571.4367065429688
2025-12-16,564.420166015625
2025-12-17,559.9244384765625
2025-12-18,555.289794921875
2025-12-19,564.1622314453125
2025-12-22,580.2396850585938
2025-12-23,575.6744995117188
2025-12-24,577.9471435546875
2025-12-26,573.0048217773438
2025-12-29,573.4117431640625
2025-12-30,570.2260131835938
2025-12-31,565.8989868164062
2026-01-02,581.2321166992188
2026-01-05,606.6981811523438
2026-01-06,605.9934692382812
2026-01-07,572.6475830078125
2026-01-08,586.3233642578125
2026-01-09,614.1414794921875
2026-01-12,624.56201171875
2026-01-13,620.7709350585938
2026-01-14,648.2019653320312
2026-01-15,649.660888671875
2026-01-16,661.8579711914062
2026-01-20,652.3305053710938
2026-01-21,659.1386108398438
2026-01-22,665.3712158203125
2026-01-23,667.8621826171875
2026-01-26,655.9727172851562
2026-01-27,673.6083984375
2026-01-28,683.9198608398438
2026-01-29,690.0928344726562
2026-01-30,687.0261840820312
2026-02-02,679.8409423828125
2026-02-03,699.6500244140625
2026-02-04,684.53515625
2026-02-05,691.234130859375
2026-02-06,703.748779296875
2026-02-09,692.74267578125
2026-02-10,679.8211059570312
2026-02-11,673.69775390625
2026-02-12,689.8050537109375
2026-02-13,697.2582397460938
2026-02-17,695.8192138671875
2026-02-18,719.3499755859375
2026-02-19,731.2989501953125
2026-02-20,718.0895385742188
2026-02-23,722.21142578125
2026-02-24,724.5411376953125
2026-02-25,700.5667114257812
2026-02-26,707.784912109375
2026-02-27,721.2058715820312
2026-03-02,764.6546630859375
2026-03-03,755.7836303710938
2026-03-04,750.5368041992188
2026-03-05,736.767333984375
2026-03-06,752.8167114257812
2026-03-09,744.0652465820312
2026-03-10,731.7593994140625
2026-03-11,729.96728515625
2026-03-12,733.0736083984375
2026-03-13,730.4949951171875
2026-03-16,732.735107421875
2026-03-17,720.857421875
2026-03-18,721.6638793945312
2026-03-19,711.0206909179688
2026-03-20,703.8522338867188
2026-03-23,677.0203247070312
2026-03-24,679.1708374023438
2026-03-25,688.1812133789062
2026-03-26,688.957763671875
2026-03-27,676.0247192382812
2026-03-30,668.647216796875
2026-03-31,679.25048828125
2026-04-01,693.94580078125
2026-04-02,699.4216918945312
2026-04-06,692.7410888671875
2026-04-07,687.4743041992188
2026-04-08,684.45751953125
2026-04-09,687.5440063476562
2026-04-10,670.7777709960938
2026-04-13,678.3245849609375
2026-04-14,677.1497192382812
2026-04-15,675.6165161132812
2026-04-16,669.822021484375
2026-04-17,662.3449096679688
2026-04-20,654.1011352539062
2026-04-21,608.4520874023438
2026-04-22,587.0363159179688
2026-04-23,585.0848999023438
2026-04-24,572.5899047851562
2026-04-27,572.7592163085938
2026-04-28,575.2880859375
2026-04-29,569.9017333984375
2026-04-30,576.9407348632812
2026-05-01,565.6505126953125
2026-05-04,564.5154418945312
2026-05-05,556.1522216796875
2026-05-06,557.1478881835938
2026-05-07,549.8500366210938
2026-05-08,547.112060546875
2026-05-11,545.8078002929688
2026-05-12,555.8535766601562
2026-05-13,549.382080078125
2026-05-14,546.2459106445312
2026-05-15,538.3207397460938
2026-05-18,547.5899658203125
2026-05-19,553.9022216796875
2026-05-20,549.7504272460938
2026-05-21,549.1630249023438
2026-05-22,553.1455078125
2026-05-26,554.3601684570312
2026-05-27,548.9241333007812
2026-05-28,556.8392333984375
2026-05-29,561.2100219726562
2026-06-01,539.219970703125
2026-06-02,536.5900268554688
2026-06-03,526.0599975585938
2026-06-04,545.1699829101562
2026-06-05,544.4000244140625
2026-06-08,540.8099975585938
2026-06-09,548.6699829101562
2026-06-10,542.1400146484375
2026-06-11,552.52001953125
2026-06-12,550.3300170898438
2026-06-15,544.72998046875
2026-06-16,551.2100219726562
2026-06-17,550.1500244140625
2026-06-18,521.5
2026-06-22,507.3299865722656
2026-06-23,513.219970703125
2026-06-24,503.010009765625
2026-06-25,499.3299865722656
2026-06-26,500.0299987792969
2026-06-29,496.0199890136719
2026-06-30,509.30999755859375
2026-07-01,519.9500122070312
2026-07-02,549.010009765625
2026-07-06,547.75
2026-07-07,549.0399780273438
2026-07-08,545.1099853515625
2026-07-09,532.22998046875
2026-07-10,539.6300048828125
2026-07-13,541.8200073242188
2026-07-14,528.6699829101562
2026-07-15,525.219970703125
2026-07-16,518.6500244140625
2026-07-17,521.5700073242188
2026-07-20,523.9600219726562
2026-07-21,512.2899780273438
2026-07-22,525.280029296875
2026-07-23,533.47998046875
2026-07-24,542.239990234375
2026-07-27,547.5800170898438
2026-07-28,549.219970703125
2026-07-29,535.0499877929688
2026-07-30,534.8499755859375
2026-07-31,542.47998046875
2026-08-03,548.469970703125
2026-08-04,551.5499877929688
2026-08-05,557.469970703125
2026-08-06,567.739990234375
2026-08-07,571.5800170898438
2026-08-10,577.8900146484375
2026-08-11,575.6900024414062
2026-08-12,577.3200073242188
2026-08-13,574.739990234375
2026-08-14,585.8699951171875
2026-08-17,570.2000122070312
2026-08-18,591.7399291992188
